rank,player_id,player_name,highest_paying_game,total_overall_usd,total_in_game_usd,percent_of_total
1,N0tail,Johan Sundstein,Dota 2,7184163.05,7172436.83,99.84
2,JerAx,Jesse Vainikka,Dota 2,6486623.98,6486075.22,99.99000000000001
3,Miposhka,Yaroslav Naidenov,Dota 2,6227771.49,6227771.49,100
4,ana,Anathan Pham,Dota 2,6024411.96,6024411.96,100
5,Ceb,SÃ©bastien Debs,Dota 2,5949442.73,5949442.73,100
6,Collapse,Magomed Khalilov,Dota 2,5940111.07,5940111.07,100
7,Yatoro,Ilya Mulyarchuk,Dota 2,5932736.05,5932736.05,100
8,Topson,Topias Taavitsainen,Dota 2,5898810.6,5898810.6,100
9,Mira,Miroslaw Kolpakov,Dota 2,5638899.05,5638899.05,100
10,KuroKy,Kuro Takhasomi,Dota 2,5295698.85,5293199.59,99.95
11,Miracle-,Amer Al-Barkawi,Dota 2,4913585.26,4913585.26,100
12,Matumbaman,Lasse Urpalainen,Dota 2,4873086.24,4873086.24,100
13,MinD_ContRoL,Ivan Ivanov,Dota 2,4704032.25,4704032.25,100
14,TORONTOTOKYO,Alexander Khertek,Dota 2,4539863.5,4539863.5,100
15,GH,Maroun Merhej,Dota 2,4359887.6,4359887.6,100
16,Puppey,Clement Ivanov,Dota 2,4345228.38,4343494.79,99.96000000000001
17,Ame,"Wang, Chunyu",Dota 2,4303979.2700000005,4303979.2700000005,100
18,Zai,Ludwig WÃ¥hlberg,Dota 2,4292756.02,4272661.31,99.53
19,SumaiL,Sumail Hassan,Dota 2,4137055.98,4137055.98,100
20,y`,"Zhang, Yiping",Dota 2,4048742.2,4048742.2,100
21,Faith_bian,"Zhang, Ruida",Dota 2,3958981.98,3958981.98,100
22,Nisha,MichaÅ Jankowski,Dota 2,3799426.48,3799426.48,100
23,Bugha,Kyle Giersdorf,Fortnite,3784225.05,3771558.38,99.66999999999999
24,Saksa,Martin Sazdov,Dota 2,3659111.18,3659111.18,100
25,33,Neta Shapira,Dota 2,3413479.03,3413479.03,100
26,Cr1t,Andreas Nielsen,Dota 2,3351429.18,3351429.18,100
27,Somnus,"Lu, Yao",Dota 2,3311808.66,3311808.66,100
28,Sneyking,"Wu, Jingjun",Dota 2,3306529.59,3305529.59,99.97
29,fy,"Xu, Linsen",Dota 2,3159545.98,3159545.98,100
30,UNiVeRsE,Saahil Arora,Dota 2,3057237.67,3057237.67,100
31,ppd,Peter Dager,Dota 2,3029331.36,3001619.62,99.09
32,Skiter,Oliver Lepko,Dota 2,2955493.15,2955493.15,100
33,Fly,Tal Aizik,Dota 2,2886903.3899999997,2869488.4899999998,99.4
34,s4,Gustav Magnusson,Dota 2,2749194.7,2744135.9299999997,99.82
35,Arteezy,Artour Babaev,Dota 2,2714369.9099999997,2714369.9099999997,100
36,Fear,Clinton Loomis,Dota 2,2564904.63,2562957.34,99.92
37,KaKa,"Hu, Liangzhi",Dota 2,2548691.8899999997,2548691.8899999997,100
38,XinQ,"Zhao, Zixing",Dota 2,2304260.44,2304260.44,100
39,YapzOr,Yazied Jaradat,Dota 2,2298690.64,2298690.64,100
40,w33,Aliwi Omar,Dota 2,2294325.4299999997,2294325.4299999997,100
41,dupreeh,Peter Rasmussen,Counter-Strike: Global Offensive,2225525.08,2181525.08,98.02
42,RAMZES666,Roman Kushnarev,Dota 2,2207611.08,2207611.08,100
43,Aqua,David Wang,Fortnite,2197375.23,2192375.23,99.77
44,Boxi,Samuel Svahn,Dota 2,2186343.66,2144321.96,98.08
45,iNsania,Aydin Sarkohi,Dota 2,2184759.69,2133725.05,97.66
46,miCKE,Michael Vu,Dota 2,2175336.42,2127268.63,97.79
47,Ace,Marcus Hoelgaard,Dota 2,2156817.11,2156817.11,100
48,xNova,"Yap, Jian Wei",Dota 2,2146691.12,2146691.12,100
49,apEX,Dan Madesclaire,Counter-Strike: Global Offensive,2138015.64,1298119.05,60.720000000000006
50,dev1ce,Nicolai Reedtz,Counter-Strike: Global Offensive,2105789.98,1981892.22,94.11999999999999
51,karrigan,Finn Andersen,Counter-Strike: Global Offensive,2095402.62,1651752.06,78.83
52,Aui_2000,Kurtis Ling,Dota 2,2073582.54,2073582.54,100
53,Noone,Vladimir Minenko,Dota 2,2070799.78,2070799.78,100
54,Resolut1on,Roman Fominok,Dota 2,2063162.95,2063162.95,100
55,Nine,Leon Kirilin,Dota 2,2058860.94,2058860.94,100
56,Solo,Aleksey Berezin,Dota 2,2053081.34,2053081.34,100
57,ropz,Robin Kool,Counter-Strike: Global Offensive,2052577.41,1181527.41,57.56
58,Larl,Denis Sigitov,Dota 2,2047224.07,2047224.07,100
59,Chalice,"Yang, Shenyi",Dota 2,2040114.72,2040114.72,100
60,Quinn,Quinn Callahan,Dota 2,2016970.27,2015670.27,99.94000000000001
61,Magisk,Emil Reif,Counter-Strike: Global Offensive,2006223.6300000001,1881123.6300000001,93.76
62,iceice,"Li, Peng",Dota 2,2005164.6300000001,2005164.6300000001,100
63,Xyp9x,Andreas HÃ¸jsleth,Counter-Strike: Global Offensive,2003061.83,2001391.93,99.92
64,Shadow,"Chu, Zeyu",Dota 2,1982030.82,1982030.82,100
65,NothingToSay,"Cheng, Jin Xiang",Dota 2,1978694.93,1978694.93,100
66,bLink,"Zhou, Yang",Dota 2,1960761.59,1960761.59,100
67,psalm,Harrison Chang,Fortnite,1959500,1874588.8,95.66999999999999
68,gla1ve,Lukas Rossander,Counter-Strike: Global Offensive,1945451.35,1869687.1,96.11
69,HuaHai,"Luo, Siyuan",Arena of Valor,1941993.3900000001,1941993.3900000001,100
70,Faker,"Lee, Sang Hyeok",League of Legends,1922084.56,1922084.56,100
71,MidOne,"Zheng, Yeik Nai",Dota 2,1896531.44,1896531.44,100
72,aBeZy,Tyler Pharris,Call of Duty: Black Ops Cold War,1882655.6800000002,483750,25.7
73,xiao8,"Zhang, Ning",Dota 2,1877518.06,1870077.43,99.6
74,Yinuo,"Xu, Bicheng",Arena of Valor,1871202.59,1871202.59,100
75,Serral,Joona Sotala,StarCraft II,1866325.57,1866325.57,100
76,kpii,Damien Chok,Dota 2,1865667.57,1865667.57,100
77,EpikWhale,Shane Cotton,Fortnite,1857487.32,1857487.32,100
78,rain,HÃ¥vard Nygaard,Counter-Strike: Global Offensive,1855016.24,1444216.24,77.85
79,Simp,Christopher Lehr,Call of Duty: Black Ops Cold War,1830078.33,500833.33,27.37
80,iceiceice,Daryl Koh Pei Xiang,Dota 2,1812855.42,1810455.42,99.86999999999999
81,Twistzz,Russel Van Dulken,Counter-Strike: Global Offensive,1773643.1,1546793.1,87.21000000000001
82,Fly,"Peng, Yunfei",Arena of Valor,1767497.6,1767497.6,100
83,Faith,"Zeng, Hongda",Dota 2,1764633.21,1746056.72,98.95
84,Super,"Xie, Junhao",Dota 2,1764310.33,1744279.6800000002,98.86
85,Hao,"Chen, Zhihao",Dota 2,1761674.53,1755233.44,99.63
86,9pasha,Pavel Khvastunov,Dota 2,1733385.1300000001,1733385.1300000001,100
87,s1mple,Oleksandr Kostyljev,Counter-Strike: Global Offensive,1723255.32,1718355.32,99.72
88,Cat,"Chen, Zhengzheng",Arena of Valor,1716947.58,1716947.58,100
89,NiKo,Nikola KovaÄ,Counter-Strike: Global Offensive,1711960.1500000001,1301037.58,76
90,Pang,"Li, Daheng",Arena of Valor,1682659.41,1682659.41,100
91,Cellium,McArthur Jovel,Call of Duty: Black Ops Cold War,1674298.93,488750,29.19
92,electroNic,Denis Sharipov,Counter-Strike: Global Offensive,1662917.01,1558058.6700000002,93.69
93,1dao,"Zhong, Letian",Arena of Valor,1656199.27,1656199.27,100
94,ZywOo,Mathieu Herbaut,Counter-Strike 2,1650234.31,832350,50.44
95,Yu,"Cai, Youqi",Arena of Valor,1626161.52,1626161.52,100
96,Anas,Anas El-Abd,Fortnite,1622990.05,1622990.05,100
97,MagnusCarlsen,Magnus Carlsen,chess24,1571051.02,888242.12,56.54
98,old eLeVeN,"Ren, Yangwei",Dota 2,1570503.07,1570503.07,100
99,Kami,MichaÅ KamiÅski,Fortnite,1562075.34,1562075.34,100
100,Nyhrox,Emil Bergquist Pedersen,Fortnite,1543145.6900000002,1543145.6900000002,100
101,Xxs,Lin Jing,Dota 2,1538841.42,1538841.42,100
102,Monet,"Du, Peng",Dota 2,1535720.98,1535720.98,100
103,QingRong,"Huang, Yaoqin",Arena of Valor,1535223.32,1535223.32,100
104,LaNm,"Zhang, Zhicheng",Dota 2,1529400.71,1528948.03,99.97
105,Ori,"Zeng, Jiaoyang",Dota 2,1527561.42,1527561.42,100
106,Alan,"Wang, Tianlong",Arena of Valor,1508589.45,1508589.45,100
107,MiSeRy,Rasmus Fillipsen,Dota 2,1505197.74,1502601.92,99.83
108,B1t,Valeriy Vakhovskiy,Counter-Strike: Global Offensive,1458357.7,1050707.7,72.05
109,dyrachYO,Anton Shkredov,Dota 2,1455949.6,1455949.6,100
110,Kakeru,- -,Street Fighter 6,1455614.85,1453174.85,99.83
111,Arcitys,Alec Sanderson,Call of Duty: Black Ops Cold War,1426929.09,487500,34.160000000000004
112,paraboy,"Zhu, Bocheng",PLAYERUNKNOWN'S BATTLEGROUNDS Mobile,1426546,1420546,99.58
113,tOfu,Erik Engel,Dota 2,1423831.7,1422817.33,99.93
114,C6,Ian Porter,Call of Duty: Modern Warfare,1418092.8,353000,24.89
115,FATA,Adrian Trinks,Dota 2,1410552.48,1410552.48,100
116,YiZ,"Liu, Tianhao",Arena of Valor,1407681.6400000001,1407681.6400000001,100
117,Fenrir,"Lu, Chao",Dota 2,1406042.25,1406042.25,100
118,RodjER,Vladimir Nikogosyan,Dota 2,1404636.1,1404636.1,100
119,Fanfan,"Fan, Yang",Arena of Valor,1403112.86,1403112.86,100
120,Mu,"Zhang, Pan",Dota 2,1390711.71,1386339.43,99.69
121,Maru,"Cho, Sung Choo",StarCraft II,1386351.22,1386351.22,100
122,Seleri,Melchior Hillenkamp,Dota 2,1382064.91,1382064.91,100
123,Wolfiez,Jaden Ashman,Fortnite,1368308.07,1368308.07,100
124,Th0masHD,Thomas HÃ¸xbro Davidsen,Fortnite,1363502.91,1363502.91,100
125,DDC,"Liang, Fa Ming",Dota 2,1344720.91,1336593.81,99.4
126,Zayt,Williams Aubin,Fortnite,1331781.42,1204856.42,90.47
127,ZiYang,"Xiang, Yang",Arena of Valor,1325717.83,1325717.83,100
128,Order,"Zeng, Zehai",PLAYERUNKNOWN'S BATTLEGROUNDS Mobile,1322487.41,1322487.41,100
129,Shotzzy,Anthony Cuevas-Castro,Call of Duty: Modern Warfare,1310650,355500,27.12
130,Dy,"Ding, Cong",Dota 2,1309787.36,1309787.36,100
131,NAF,Keith Markovic,Counter-Strike: Global Offensive,1308432.06,1228382.06,93.88
132,FormaL,Matthew Piper,Halo Infinite,1298932.1800000002,404400,31.130000000000003
133,NuanYang,"Lin, Heng",Arena of Valor,1290681.49,1290681.49,100
134,ELiGE,Jonathan Jablonowski,Counter-Strike: Global Offensive,1289296.02,1179846.02,91.51
135,Sccc,"Song, Chun",Dota 2,1287091.81,1287091.81,100
136,FalleN,Gabriel Toledo,Counter-Strike: Global Offensive,1285290.79,1175586.54,91.46000000000001
137,Jabz,Anucha Jirawong,Dota 2,1283581.3900000001,1283581.3900000001,100
138,Banana,"Jiao, Wang",Dota 2,1283122.84,1271085,99.06
139,ZhongYi,"Chen, Jiahao",Arena of Valor,1266318.5,1266318.5,100
140,Queasy,Aleksa Cvetkovic,Fortnite,1264695.8900000001,1264695.8900000001,100
141,Jimmy,"Xu, Yin-Jun",PLAYERUNKNOWN'S BATTLEGROUNDS Mobile,1263496.06,1260162.73,99.74000000000001
142,TaySon,Tai StarÄiÄ,Fortnite,1258370.74,1258370.74,100
143,sh1ro,Dmitry Sokolov,Counter-Strike: Global Offensive,1250625.59,628100.59,50.220000000000006
144,Save-,Vitalie Melnic,Dota 2,1250106.81,1250106.81,100
145,ATF,Ammar Al-Assaf,Dota 2,1245564.71,1245564.71,100
146,Loki,"Park, Jung Young",PLAYERUNKNOWNâS BATTLEGROUNDS,1245451.79,1245451.79,100
147,Kreo,Nate Kou,Fortnite,1244334.74,1244334.74,100
148,Paparazi,"Zhang, Chengjun",Dota 2,1242751.3900000001,1242751.3900000001,100
149,broky,Helvijs Saukants,Counter-Strike: Global Offensive,1239632.41,828832.41,66.86
150,Clayster,James Eubanks,Call of Duty: Modern Warfare,1233646.6800000002,365500,29.630000000000003
151,Kenny,Kenneth Williams,Call of Duty: Vanguard,1230728.33,410583.33,33.36
152,k1nG,Thiago Bautista Lapp,Fortnite,1230225,1230075,99.99000000000001
153,kakip,"Kakinuma, Hidema",Shadowverse,1228551.54,1228551.54,100
154,Sylar,"Liu, Jiajun",Dota 2,1226897.6300000001,1220842.58,99.51
155,gpk,Danil Skutin,Dota 2,1226803.4,1226803.4,100
156,CS,"Xie, Chengjun",Arena of Valor,1225409.26,1225409.26,100
157,Setty,Iwo ZajÄc,Fortnite,1222997.37,1222997.37,100
158,Moogy,"Xu, Han",Dota 2,1221917.1,1221917.1,100
159,Rojo,Dave Jong,Fortnite,1215593.33,1215593.33,100
160,Saf,Rocco Morales,Fortnite,1210207.02,1210207.02,100
161,Ceice,Davis McClellan,Fortnite,1209565.47,1209565.47,100
162,Stewie2k,Jakey Yip,Counter-Strike: Global Offensive,1208508.91,1186573.2,98.17999999999999
163,SanSheng,"Wang, Zhaohui",Dota 2,1207851.58,1199016.08,99.27
164,Perfecto,Ilya Zalutskiy,Counter-Strike: Global Offensive,1198073.78,1155970.78,96.49000000000001
165,Dark,"Park, Ryung Woo",StarCraft II,1194415.22,1190791.27,99.7
166,Scump,Seth Abner,Call of Duty: Infinite Warfare,1193755.35,261250,21.88
167,Oli,"Chan, Chon Kien",Dota 2,1193104.1,1193104.1,100
168,Yao,"Yao, Zhengzheng",Dota 2,1192164.1800000002,1186085.71,99.49000000000001
169,King,"Lin, Yi-en",PLAYERUNKNOWN'S BATTLEGROUNDS Mobile,1189245.12,1189245.12,100
170,XuanRan,"Liu, Ming",Arena of Valor,1180414.42,1180414.42,100
171,Boombl4,Kirill Sergeyevich Mikhailov,Counter-Strike: Global Offensive,1167041.35,1098738.54,94.14999999999999
172,Nightfall,Egor Grigorenko,Dota 2,1156864,1156864,100
173,BoBoKa,"Ye, Zhibiao",Dota 2,1149352.35,1149352.35,100
174,nitr0,Nicholas Cannella,Counter-Strike: Global Offensive,1117386.23,1058468.1300000001,94.73
175,MMY!,"Lei, Zengrong",Dota 2,1111886.25,1099556.8800000001,98.89
176,Hikaru,Hikaru Nakamura,Chess.com,1108458.71,735419.25,66.35
177,MoonMeander,David Tan,Dota 2,1103701.61,1085826.1800000002,98.38
178,Rogue,"Lee, Byung Ryul",StarCraft II,1101363.8,1101219.22,99.99000000000001
179,TanRan,"Sun, Linwei",Arena of Valor,1098011.24,1098011.24,100
180,TACO,EpitÃ¡cio de Melo,Counter-Strike: Global Offensive,1096233.6300000001,1095886.48,99.97
181,Kuku,Kuku Palad,Dota 2,1094804.1,1094804.1,100
182,DJ,Djardel Jicko Mampusti,Dota 2,1091925.12,1091925.12,100
183,XingYu,"Li, Yuhao",Arena of Valor,1086350.74,1086350.74,100
184,Q,"Fu, Bin",Dota 2,1081544.74,1081544.74,100
185,fer,Fernando Alvarenga,Counter-Strike: Global Offensive,1078891.52,1077986.54,99.92
186,Whitemon,Matthew Filemon,Dota 2,1068261.87,1068261.87,100
187,Malibuca,Danila Yakovenko,Fortnite,1067890.32,1067890.32,100
188,flameZ,Shahar Shushan,Counter-Strike 2,1067568.06,832350,77.97
189,coldzera,Marcelo David,Counter-Strike: Global Offensive,1065619.6500000001,1048601.46,98.4
190,flamie,Egor Vasilyev,Counter-Strike: Global Offensive,1041856.8300000001,1041119.41,99.93
191,ImperialHal,Philip Dosen,Apex Legends,1040804.42,1031054.42,99.06
192,Envoy,Dylan Hannon,Call of Duty: Vanguard,1037729.16,400000,38.55
193,Ruler,"Park, Jae Hyuk",League of Legends,1035773.2899999999,1035773.2899999999,100
194,Mushi,"Chai, Yee Fung",Dota 2,1028588.6699999999,1028301.6799999999,99.97
195,Henry,Henry Leverette,Madden NFL 22,1028375,360000,35.01
196,KRiMZ,Freddy Johansson,Counter-Strike: Global Offensive,1026043.4600000001,963961.9,93.95
197,huNter,Nemanja KovaÄ,Counter-Strike: Global Offensive,1019350.65,698500.65,68.52
198,mero,Matthew Faitel,Fortnite,1018350,1018350,100
199,Tims,Timothy Randrup,Dota 2,1018232.55,1018232.55,100
200,Slasher,Austin Liddicoat,Call of Duty: Black Ops III,1015583.4,231332.5,22.779999999999998
201,UMA,Wang Yuan-hao,Street Fighter 6,1005576.2,1005576.2,100
202,feg,"Okumoto, Ryutaro",Shadowverse,1003000,1003000,100
203,sasamumu,- -,Shadowverse,1000000,1000000,100
204,Crystallis,Remco Arets,Dota 2,997531.92,997531.92,100
205,pieliedie,Johan ÃstrÃ¶m,Dota 2,994746.71,994746.71,100
206,Elevate,Hayden Krueger,Fortnite,994373.2,992233.2,99.78
207,EternaLEnVy,Jacky Mao,Dota 2,992684.7899999999,992684.7899999999,100
208,Priestahh,Preston Greiner,Call of Duty: Modern Warfare II,992529.1799999999,369500,37.230000000000004
209,Yang,"Zhou, Haiyang",Dota 2,992463.55,992463.55,100
210,Frosty,Bradley Bergstrom,Halo 5: Guardians,991965,582850,58.760000000000005
211,M0nkey M00n,Evan Rogez,Rocket League,972112.3200000001,972112.3200000001,100
212,SnakeBite,Paul Duarte,Halo 5: Guardians,971190,581250,59.849999999999994
213,Mohamed Light,Mohamed Tarek,Clash Royale,960808.01,960808.01,100
214,Duke,"Lee, Ho Seong",League of Legends,959072.51,959072.51,100
215,snax,Janusz Pogorzelski,Counter-Strike: Global Offensive,955119.12,676987.89,70.88
216,Royal 2,Mathew Fiorante,Halo 5: Guardians,942052.5,581250,61.7
217,NoFear,"Yang, Tao",Arena of Valor,941698.53,941698.53,100
218,mezii,Will Merriman,Counter-Strike 2,941135.9500000001,815550,86.66
219,olofmeister,Olof Kajbjer,Counter-Strike: Global Offensive,940855.42,937714.6,99.66999999999999
220,Lil,Ilya Ilyuk,Dota 2,940510.1799999999,940510.1799999999,100
221,Veno,Harry Pearson,Fortnite,939937.9600000001,939937.9600000001,100
222,NuoYan,"Guo, Guixin",Arena of Valor,938449.81,938449.81,100
223,DM,Dmitrii Dorokhin,Dota 2,937118.14,937118.14,100
224,Chopper,Leonid Vishnyakov,Counter-Strike 2,935351.7799999999,662775,70.86
225,JW,Jesper Wecksell,Counter-Strike: Global Offensive,931451.08,921251.6799999999,98.9
226,JackeyLove,"Yu, Wenbo",League of Legends,926556.6799999999,926556.6799999999,100
227,Malr1ne,Stanislav Potorak,Dota 2,923562.93,923562.93,100
228,Bang,"Bae, Jun Sik",League of Legends,915941.6799999999,915941.6799999999,100
229,Wolf,"Lee, Jae Wan",League of Legends,913167.87,913167.87,100
230,PeterBot,Peter Kata,Fortnite,906674.1699999999,906674.1699999999,100
231,Raven,Marc Polo Luis Fausto,Dota 2,905759.42,905759.42,100
232,Pio,"Cha, Seung Hoon",PLAYERUNKNOWNâS BATTLEGROUNDS,905337.92,905337.92,100
233,ZiMo,"Wu, Zhejie",Arena of Valor,902977.2799999999,902977.2799999999,100
234,QingQing,"Wu, Jinxiang",Arena of Valor,902161.9400000001,902161.9400000001,100
235,Huke,Cuyler Garland,Call of Duty: Modern Warfare,901785.58,345250,38.290000000000006
236,Abed,Abed Yusop,Dota 2,900796.69,900796.69,100
237,GMWSO,Wesley So,Chess.com,900411.64,453497.21,50.37
238,Moo,David Hull,Dota 2,899311.3300000001,899311.3300000001,100
239,Pure,Ivan Moskalenko,Dota 2,896793.47,896793.47,100
240,BurNIng,"Xu, Zhilei",Dota 2,896625.3500000001,865896.21,96.57
241,flusha,Robin RÃ¶nnquist,Counter-Strike: Global Offensive,888552.89,887302.89,99.86
242,TGLTN,James Giezen,PLAYERUNKNOWNâS BATTLEGROUNDS,888143.25,887343.25,99.91000000000001
243,Octane,Sam Larew,Call of Duty: Vanguard,886948.75,382500,43.13
244,BenjyFishy,Benjy David Fish,Fortnite,882337.52,640394.3400000001,72.58
245,Zayac,Bakyt Emilzhanov,Dota 2,879784.52,879784.52,100
246,hwinn,Hunter Winn,PLAYERUNKNOWNâS BATTLEGROUNDS,877971.9400000001,877011.9400000001,99.89
247,Jaedong,"Lee, Jae Dong",StarCraft: Brood War,876398.7899999999,404726.22000000003,46.18
248,Drazah,Zack Jordan,Call of Duty: Vanguard,876025,398750,45.52
249,Shrimzy,Tristan Nowicky,PLAYERUNKNOWNâS BATTLEGROUNDS,875913.4400000001,875913.4400000001,100
250,23savage,Nuengnara Teeramahanon,Dota 2,872580.26,872580.26,100
251,ESTH3R,"Go, Jeong-wan",PLAYERUNKNOWNâS BATTLEGROUNDS,871858.71,871439.11,99.95
252,Agressif,"Sun, Zheng",Dota 2,871452.21,871452.21,100
253,NBK,Nathan Schmitt,Counter-Strike: Global Offensive,870287.26,842358.21,96.79
254,Skite,ClÃ©ment Danglot,Fortnite,870019.7699999999,869692.7699999999,99.96000000000001
255,N9,"Wang, Hao",CrossFire,867059.42,867059.42,100
256,CleanX,Tobias JÃ¸nsson,Call of Duty: Black Ops Cold War,862901.87,285625,33.1
257,Clem,ClÃ©ment Desplanches,StarCraft II,862707.39,862307.39,99.95
258,shox,Richard Papillon,Counter-Strike: Global Offensive,858303.99,829499.8300000001,96.64
259,HObbit,Abay Khassenov,Counter-Strike: Global Offensive,858161.12,815907.92,95.08
260,fng,Artsiom Barshak,Dota 2,853120.41,853120.41,100
261,JannisZ,Jannis Matwin,Fortnite,851617.41,851617.41,100
262,Nicolas99FC,Nicolas Villalba,FIFA 19,851431.49,221625,26.03
263,Xiaohu,"Li, Yuanhao",League of Legends,850114.07,850114.07,100
264,Aleksib,Aleksi Virolainen,Counter-Strike: Global Offensive,848141.03,440491.03,51.94
265,JT-,"Thiay, Jun Wen",Dota 2,844446.3200000001,844446.3200000001,100
266,Karma,Damon Barlow,Call of Duty: Infinite Warfare,842837.25,261250,31
267,Ah-fu,"Chuan, Tue Soon",Dota 2,840619.3500000001,840619.3500000001,100
268,Spinx,Lotan Giladi,Counter-Strike: Global Offensive,839518.3300000001,421918.33,50.260000000000005
269,Reynor,Riccardo Romiti,StarCraft II,834459.73,834459.73,100
270,Mitr0,Dmitri Van de Vrie,Fortnite,830344.81,830344.81,100
271,Insight,Jamie Craven,Call of Duty: Black Ops Cold War,830182.26,286750,34.54
272,bzm,Bozhidar Bozhilov,Dota 2,829289.3,829289.3,100
273,Dendi,Danil Ishutin,Dota 2,828082.53,822488.56,99.32
274,JiuKu,"Wang, Tao",Arena of Valor,825805.9500000001,825805.9500000001,100
275,DuBu,"Kim, Doo-young",Dota 2,823849.65,823849.65,100
276,Zer0,Rhye Perry,Apex Legends,822260.56,822260.56,100
277,Acorn,Abdullah Akhras,Fortnite,813977.39,813977.39,100
278,GuardiaN,Ladislav KovÃ¡cs,Counter-Strike: Global Offensive,812938.1799999999,802535.9500000001,98.72
279,m0NESY,Ilya Osipov,Counter-Strike 2,811167.61,410050,50.55
280,Bengi,"Bae, Seong Ung",League of Legends,810882.8400000001,810882.8400000001,100
281,SonicFox,Dominique Mclean,Mortal Kombat X,809747.54,253343.6,31.29
282,MieRo,Matvey Vasyunin,Dota 2,807151.6,807151.6,100
283,magixx,Boris Vorobiev,Counter-Strike 2,806501.66,583650,72.36999999999999
284,rOtK,"Bai, Fan",Dota 2,800232.07,780046.75,97.48
285,INnoVation,"Lee, Shin Hyung",StarCraft II,799192.66,795694.9600000001,99.56
286,tarik,Tarik Celik,Counter-Strike: Global Offensive,797339.21,791539.21,99.27
287,Peanut,"Han, Wang Ho",League of Legends,793351.93,793351.93,100
288,Zeus,Danylo Teslenko,Counter-Strike: Global Offensive,792585.87,689568.7,87
289,Shaiiko,Stephane Lebleu,Rainbow Six Siege,792541.49,790685.2,99.77
290,Arkhram,Diego Lima,Fortnite,791861.6799999999,791861.6799999999,100
291,Vejrgang,Anders Vejrgang,EA Sports FC 24,790987.09,417632.37,52.8
292,Lethul,Tony Campbell,Halo 5: Guardians,790771.25,583850,73.83
293,flyfly,"Jin, Zhiyi",Dota 2,787184.65,787184.65,100
294,donk,Danil Kryshkovets,Counter-Strike 2,786619.6,744350,94.63
295,Moon,"Jang, Jae Ho",WarCraft III,782559.43,565029.52,72.2
296,CoreJJ,"Jo, Yong In",League of Legends,782465.3600000001,782465.3600000001,100
297,Adou,"Jiang, Tao",Arena of Valor,780182.01,780182.01,100
298,Cold,Joshua Butler,Fortnite,770425,770425,100
299,Jame,Dzhami Ali,Counter-Strike: Global Offensive,770327.22,607867.72,78.91000000000001
300,Caps,Rasmus Borregaard Winther,League of Legends,767619.8400000001,767619.8400000001,100
301,Atomic,Massimo Franceschi,Rocket League,766518.72,766518.72,100
302,f0rest,Patrik Lindberg,Counter-Strike: Global Offensive,763991.04,571133.7799999999,74.76
303,neo,Filip Kubski,Counter-Strike: Global Offensive,762311.73,617331.01,80.98
304,Kismet,Matthew Tinsley,Call of Duty: Modern Warfare II,761958.3300000001,370500,48.620000000000005
305,Suk,"Feng, Shujie",PLAYERUNKNOWN'S BATTLEGROUNDS Mobile,760414.3400000001,760414.3400000001,100
306,Dashy,Brandon Otell,Call of Duty: Modern Warfare III,760147.99,315000,41.44
307,Umut,Umut GÃ¼ltekin,FIFA 22,756907.63,306001.33,40.43
308,Chapix,Moussa Faour,Fortnite,755193.13,755193.13,100
309,TaZ,Wiktor Wojtas,Counter-Strike: Global Offensive,748924.02,602678.3,80.47
310,WuMing,"Zhang, Cong",Arena of Valor,748209.8200000001,748209.8200000001,100
311,kennyS,Kenny Schrub,Counter-Strike: Global Offensive,746091.3600000001,737398.91,98.83
312,Bance,Benjamin Bance,Call of Duty: Black Ops Cold War,745429.9400000001,285000,38.230000000000004
313,Peng,"Lu, Jiapeng",Arena of Valor,743932.92,743932.92,100
314,Hen,Henrik Mclean,Fortnite,741565.8400000001,741565.8400000001,100
315,Qfeng,"Du, Zhou",Arena of Valor,741420.61,741420.61,100
316,ChuaN,"Wong, Hock Chuan",Dota 2,741416.26,714482.8600000001,96.36999999999999
317,Mlan,"Peng, Junlan",Arena of Valor,737307.43,737307.43,100
318,HyDra,Paco Rusiewiez,Call of Duty: Modern Warfare II,736550.69,369500,50.17
319,qc,"Xu, Jiajun",PLAYERUNKNOWN'S BATTLEGROUNDS Mobile,736226.13,736226.13,100
320,Wisper,AdriÃ¡n Dobles,Dota 2,735947.87,735947.87,100
321,JinYu,"Xu, Xiangyu",Arena of Valor,735796.59,735796.59,100
322,Skyz,Cesar Bueno,Call of Duty: Modern Warfare II,730775,369500,50.56
323,SabeRLight-,JonÃ¡Å¡ Volek,Dota 2,730227.57,730227.57,100
324,sjuush,Rasmus Beck,Counter-Strike: Global Offensive,728547.3600000001,617163.09,84.71000000000001
325,Crue,Theo Ferrer,Fortnite,728500,728500,100
326,Emo,"Zhou, Yi",Dota 2,728235.9,728235.9,100
327,Mongraal,Kyle Jackson,Fortnite,728129.23,728129.23,100
328,TY,"Jun, Tae Yang",StarCraft II,727444.42,700247.12,96.26
329,frozen,David ÄerÅanskÃ½,Counter-Strike: Global Offensive,725431.99,424131.99000000005,58.47
330,MSdossary7,Mossad Aldossary,FIFA 18,724097.02,284500,39.290000000000006
331,MSS,Arif Anwar,Dota 2,723577.98,723577.98,100
332,Byshow,"Fang, Qingyou",Arena of Valor,721929.21,721929.21,100
333,Edward,Ioann Sukharev,Counter-Strike: Global Offensive,721868.24,616098.02,85.35
334,Scofield,Scofield leches Gomez,Dota 2,721423.07,721423.07,100
335,MMing,"Chen, Yinan",PLAYERUNKNOWNâS BATTLEGROUNDS,720366.12,720366.12,100
336,pyw,"Xiong, Jiahan",Dota 2,717764.8200000001,717764.8200000001,100
337,TeSeS,RenÃ© Madsen,Counter-Strike: Global Offensive,716590.92,540740.92,75.46000000000001
338,merstachhh,Andrej Piratov,Fortnite,715831.7899999999,715831.7899999999,100
339,JKap,Jordan Kaplan,Call of Duty: Black Ops III,714188.81,231332.5,32.39
340,Aydan,Aydan Conrad,Call of Duty: Warzone,711936.69,460795.03,64.72
341,zont1x,Myroslav Plakhotia,Counter-Strike 2,709263.47,662775,93.45
342,garder,"Liu, Xinzhou",Dota 2,705536.2,705536.2,100
343,Loda,Jonathan Berg,Dota 2,705204.72,697159.25,98.86
344,Inonix,"Na, Hee Joo",PLAYERUNKNOWNâS BATTLEGROUNDS,703435.1699999999,703435.1699999999,100
345,jks,Justin Savage,Counter-Strike: Global Offensive,703251.43,660951.43,93.99000000000001
346,Tfue,Turner Tenney,Fortnite,702825.01,628400,89.41000000000001
347,Cooper,Cooper Smith,Fortnite,702342.5,702342.5,100
348,Ethan,Ethan Arnold,Counter-Strike: Global Offensive,701647.05,399880.38,56.99
349,Flash,"Lee, Young Ho",StarCraft: Brood War,700820.76,460146.33999999997,65.66
350,Khanada,Leon Khim,Fortnite,699624.6699999999,699624.6699999999,100
351,Ax1Le,Sergey Rykhtorov,Counter-Strike: Global Offensive,696999.76,627296.9500000001,90
352,iLLeY,Indervir Dhaliwal,Call of Duty: Modern Warfare,696553.3300000001,353500,50.75
353,Eco,Kevin Smith,Halo Infinite,693275,416950,60.14
354,Canyon,"Kim, Geon Bu",League of Legends,692839.49,692839.49,100
355,Xz,"Chen, Zezhi",Dota 2,692327.42,692327.42,100
356,herO,"Kim, Joon Ho",StarCraft II,690347.49,689371.7,99.86
357,Zest,"Joo, Sung Wook",StarCraft II,690082.59,690082.59,100
358,Beizhai,"Ma, Run",PLAYERUNKNOWN'S BATTLEGROUNDS Mobile,689790.8200000001,669790.8200000001,97.1
359,GAI,"Yang, Tingpu",Arena of Valor,688016.2799999999,688016.2799999999,100
360,Armel,Armel Paul Tabios,Dota 2,687905.69,687905.69,100
361,Impact,"Jung, Eon Yeong",League of Legends,686649.73,686649.73,100
362,QiaoXi,"Zeng, Qinglong",Arena of Valor,684334.9600000001,684334.9600000001,100
363,Classic,"Kim, Doh Woo",StarCraft II,682687.26,678860.92,99.44000000000001
364,Fade,"Pan, Yi",Dota 2,680524.49,680524.49,100
365,cadiaN,Casper MÃ¸ller,Counter-Strike: Global Offensive,678873.01,614848.01,90.57
366,StelluR,Braedon Boettcher,Halo Infinite,678675,417750,61.55
367,EGM,Jerry Lundqvist,Dota 2,677630.08,677630.08,100
368,QianShi,"Zhou, Kuan",Arena of Valor,677281.37,677281.37,100
369,Even,"Zheng, Pengfei",CrossFire,676528.1,676528.1,100
370,ubah,Ivan Kapustin,PLAYERUNKNOWNâS BATTLEGROUNDS,676467.7699999999,671953.09,99.33
371,TruleX,Nikola Krudulj,Fortnite,674337,674337,100
372,XiaoYing,"Tang, Jiajie",Arena of Valor,673819.31,673819.31,100
373,TekKz,Donovan Hunt,FIFA 19,672494.8,271125,40.32
374,Brollan,Ludvig Brolin,Counter-Strike: Global Offensive,672025.8400000001,362225.83999999997,53.9
375,Solar,"Kang, Min Soo",StarCraft II,669945,669030.37,99.86
376,nafany,Vladislav Gorshkov,Counter-Strike: Global Offensive,669061.73,608833.92,91
377,HuaJuan,"Wu, Yutao",Arena of Valor,668908.6699999999,668908.6699999999,100
378,Lyn,"Park, Joon",WarCraft III,668434.3600000001,470667.05,70.41000000000001
379,stavn,Martin Lund,Counter-Strike: Global Offensive,666912.63,556137.63,83.39
380,sOs,"Kim, Yoo Jin",StarCraft II,665449.8400000001,664999.39,99.93
381,Reps,Jordan Wolfe,Apex Legends,665059.65,663709.65,99.8
382,Bizzle,Timothy Miller,Fortnite,664776.39,664776.39,100
383,Rookie,"Song, Eui Jin",League of Legends,664528.8,664528.8,100
384,BriD,LoÃ¯c Chongthep,Rainbow Six Siege,664125.6699999999,664125.6699999999,100
385,XBOCT,Oleksandr Dashkevych,Dota 2,663158.09,661771.48,99.79
386,Vatira,Axel Touret,Rocket League,662269.07,662269.07,100
387,Knight,"Zhuo, Ding",League of Legends,661936.39,661936.39,100
388,Ming,"Chen, Haoming",PLAYERUNKNOWN'S BATTLEGROUNDS Mobile,661496.3200000001,655496.3200000001,99.09
389,Zy,"Zhang, Ye",CrossFire,657282.25,657282.25,100
390,Kickstart,Matt Smith,PLAYERUNKNOWNâS BATTLEGROUNDS,655509.19,655509.19,100
391,Meiko,"Tian, Ye",League of Legends,653537.31,653537.31,100
392,Shiki,"Huang, Jiwei",Dota 2,653514.3300000001,653514.3300000001,100
393,Keria,"Ryu, Min Seok",League of Legends,652893.12,652893.12,100
394,Vadeal,Alexander Schlik,Fortnite,652792.8,652792.8,100
395,ByuN,"Byun, Hyun Woo",StarCraft II,651766.1699999999,651693.88,99.99000000000001
396,Taiga,Tommy Le,Dota 2,651478.8600000001,650481.09,99.85
397,Viol2t,"Park, Min Ki",Overwatch,651349.2899999999,413853.57,63.54
398,Akke,Joakim Akterhall,Dota 2,648738.7,641938.81,98.95
399,TheShy,"Kang, Seung Lok",League of Legends,647773.3300000001,647773.3300000001,100
400,Gachikun,"Kanamori, Tsunehiro",Street Fighter 6,646084.53,315596.85,48.849999999999994
401,soO,"Eu, Yoon Su",StarCraft II,645423.06,636408.2699999999,98.6
402,K1,Hector Antonio Rodriguez,Dota 2,644841.6799999999,644841.6799999999,100
403,Daniel,Daniel Piecenski,Rocket League,642853.38,642853.38,100
404,ZQ,"Zhang, Qian",CrossFire,642838.7699999999,642838.7699999999,100
405,M1ME,Austin Scherff,PLAYERUNKNOWNâS BATTLEGROUNDS,641320.19,641320.19,100
406,Nannnnn,"Li, Nanjiang",PLAYERUNKNOWNâS BATTLEGROUNDS,641141.6,641141.6,100
407,Rush,Will Wierzba,Counter-Strike: Global Offensive,640176.87,634476.87,99.11
408,Tommey,Thomas Trewren,Call of Duty: Warzone,640049.2799999999,427563.67,66.8
409,AdmiralBulldog,Henrik Ahnberg,Dota 2,638187.73,637562.73,99.9
410,Stats,"Kim, Dae Yeob",StarCraft II,637665.08,632346.19,99.16999999999999
411,Chovy,"Jeong, Ji Hoon",League of Legends,635484.6699999999,635484.6699999999,100
412,stompy,Klaus Konstanzer,Fortnite,634421.9400000001,634421.9400000001,100
413,Taemin,"Kang, Tae Min",PLAYERUNKNOWNâS BATTLEGROUNDS,632268.8400000001,632268.8400000001,100
414,XingHen,"Wang, Keqin",Arena of Valor,631460.4500000001,631460.4500000001,100
415,YawaR,Yawar Hassan,Dota 2,630136.6,630136.6,100
416,Kjaerbye,Markus KjÃ¦rbye,Counter-Strike: Global Offensive,627146.93,623296.93,99.39
417,GeT_RiGhT,Christopher Alesund,Counter-Strike: Global Offensive,626721.76,522015.39,83.29
418,BeastMode,Landon Konerman,Rocket League,626291.02,626291.02,100
419,BuRan,"Ye, Kang",Arena of Valor,625517.8300000001,625517.8300000001,100
420,ZpYan1,"Zhou, Pinyan",PLAYERUNKNOWNâS BATTLEGROUNDS,625229.63,625229.63,100
421,pashaBiceps,JarosÅaw JarzÄbkowski,Counter-Strike: Global Offensive,625065.15,578384.06,92.53
422,Yisheng,"Li, Ziwei",Arena of Valor,624112.52,624112.52,100
423,Edgey,Ben Peterson,Fortnite,622638.15,622638.15,100
424,Prestinni,Preston Sanderson,Call of Duty: Black Ops 4,622473.43,317975,51.08
425,Qikert,Aleksei Golubev,Counter-Strike: Global Offensive,621616.63,604154.13,97.19
426,Baolan,"Wang, Liuyi",League of Legends,619658.3500000001,619658.3500000001,100
427,Clix,Cody Conrod,Fortnite,619137.7899999999,619137.7899999999,100
428,XANTARES,Ä°smailÑan DÃ¶rtkardeÅ,Counter-Strike: Global Offensive,616810.93,430735.93000000005,69.83
429,Febby,"Kim, Yong Min",Dota 2,616244.3500000001,616244.3500000001,100
430,Jwei,"Yang, Jiawei",CrossFire,615697.7699999999,615697.7699999999,100
431,Tokido,"Taniguchi, Hajime",Street Fighter V: Arcade Edition,613805.6799999999,253282.94999999998,41.260000000000005
432,Attach,Dillon Price,Call of Duty: Advanced Warfare,612273.3500000001,145954.5,23.84
433,Chris Luck,Jean Pierre Gonzales,Dota 2,611364.54,611364.54,100
434,Pollo,- -,Fortnite,611125,611125,100
435,PHzin,Paulo Henrique Chaves,FIFA 23,610235.02,239500,39.25
436,Mugi,- -,Clash Royale,608918.88,608918.88,100
437,chrisJ,Christiaan de Jong,Counter-Strike: Global Offensive,608724.3200000001,608248.7899999999,99.92
438,Mikoto,Rafli Fathur Rahman,Dota 2,608522.71,608522.71,100
439,GuiQi,"Shuang, Xiaojun",Arena of Valor,607392.87,607392.87,100
440,ShenRen,"Ma, Tengfei",Arena of Valor,606346.53,606346.53,100
441,Apathy,Bryan Zhelyazkov,Call of Duty: Black Ops III,605618.93,228332.5,37.7
442,Oner,"Moon, Hyeon Joon",League of Legends,604158.99,604158.99,100
443,Inflame,"He, Yongzheng",Dota 2,601854.15,601854.15,100
444,Gumayusi,"Lee, Min Hyeong",League of Legends,601721.4,601721.4,100
445,Ferrari_430,"Luo, Feichi",Dota 2,597877.06,573874.4500000001,95.99000000000001
446,FengJie,"Jiang, Longhui",Arena of Valor,597404.53,597404.53,100
447,Ning,"Gao, Zhenning",League of Legends,596966.58,596966.58,100
448,Verhulst,Evan Verhulst,Apex Legends,595966.66,595966.66,100
449,Seikoo,Enzo Grondein,Rocket League,594530.1799999999,594530.1799999999,100
450,MP,"Pyo, Noah",Dota 2,592676.7699999999,592676.7699999999,100
451,HS,"Wang, Yanwen",PLAYERUNKNOWNâS BATTLEGROUNDS,592619.22,592619.22,100
452,StingeR,Steven Vargas,Dota 2,592510.7799999999,592510.7799999999,100
453,QO,"Kim, Sunyeob",Dota 2,591322.7899999999,591322.7899999999,100
454,Kataomi`,Vladislav Semenov,Dota 2,590561.2,590561.2,100
455,trk511,Mohammed Alotaibi,Rocket League,590196.9,590196.9,100
456,Neeb,Alex Sunderhaft,StarCraft II,589720.9600000001,589644.76,99.99000000000001
457,369,"Bai, Jiahao",League of Legends,588115.4,588115.4,100
458,å¤©å®,"Zhang, Tianyu",PLAYERUNKNOWN'S BATTLEGROUNDS Mobile,587341.09,587341.09,100
459,Ohaiyo,"Khoo, Chong Xin",Dota 2,586016.52,586016.52,100
460,PerkZ,Luka PerkoviÄ,League of Legends,585736.6,585736.6,100
461,Alpha54,Yanis Champenois,Rocket League,585503.21,585503.21,100
462,JKnaps,Jacob Knapman,Rocket League,585413.4500000001,585413.4500000001,100
463,Genburten,Noyan Ozkose,Apex Legends,585098.4600000001,585098.4600000001,100
464,Chicago,Reed Wilen,Rocket League,584540.38,584480.38,99.99000000000001
465,Cammy,Cameron McKilligan,Call of Duty: Black Ops Cold War,584150,286250,49
466,byali,PaweÅ BieliÅski,Counter-Strike: Global Offensive,583489.51,583459.93,99.99000000000001
467,DaShuai,"Meng, Jiajun",Arena of Valor,582651.76,582651.76,100
468,Ming,"Shi, Senming",League of Legends,582384.8400000001,582384.8400000001,100
469,Hurt,"Xia, Shengqqin",Arena of Valor,581507.8600000001,581507.8600000001,100
470,Thijs,Thijs Molendijk,Hearthstone,579189.66,523572.99000000005,90.4
471,Karsa,"Hung, Hau-Hsuan",League of Legends,575459.59,575459.59,100
472,yANXNZ,Yan Xisto Nolasco,Rocket League,575429.08,575429.08,100
473,Xm,"Guo, Hongcheng",Dota 2,574373.58,574373.58,100
474,LIP,"Lee, Jae Won",Overwatch,573689.7899999999,374924.31,65.35
475,Chico,- -,Fortnite,572828.1799999999,572828.1799999999,100
476,Striker,"Kwon, Nam Joo",Overwatch,571305.19,499876.62,87.5
477,Q,Worawit Mekchai,Dota 2,567507.3400000001,567507.3400000001,100
478,old chicken,"Wang, Zhiyong",Dota 2,567040.7699999999,567040.7699999999,100
479,Pred,Amer Zulbeari,Call of Duty: Modern Warfare III,566830,315000,55.57
480,Dubs,Daniel Walsh,Fortnite,566279.99,566279.99,100
481,QianC,"Zhou, Yitao",Arena of Valor,563959.13,563959.13,100
482,Firstkiller,Jason Corral,Rocket League,562358.72,562358.72,100
483,RpK,CÃ©dric Guipouy,Counter-Strike: Global Offensive,562227.09,524870.9500000001,93.36
484,rezon ay,Lennard Sill,Fortnite,561685.9,561685.9,100
485,MrSavage,Martin Foss,Fortnite,560350.1799999999,560350.1799999999,100
486,Nayte,Nathan Berquignol,Fortnite,560308.75,560201.11,99.98
487,Limmp,Linus Blomdin,Dota 2,559619.65,518945.79000000004,92.73
488,Blank,"Kang, Sun Gu",League of Legends,559518.75,559518.75,100
489,Renegade,Jonathan Willette,Halo Infinite,558875,333250,59.63
490,hAKIS,John HÃ¥kansson,Apex Legends,558094.6799999999,555961.51,99.61999999999999
491,John,Johnathan Perez,Call of Duty: Black Ops III,555499.59,232707.5,41.89
492,Uzi,"Jian, Zihao",League of Legends,553869.6,553869.6,100
493,Ambition,"Kang, Chan Yong",League of Legends,553454.41,553454.41,100
494,interz,Timofey Yakushin,Counter-Strike: Global Offensive,553226.3400000001,542076.3400000001,97.98
495,JiuWei,"Xu, Xinzhen",Arena of Valor,551072.59,551072.59,100
496,BatulinS,Aleksandr Batulin,PLAYERUNKNOWNâS BATTLEGROUNDS,550577.43,544077.43,98.82
497,Gabbi,Kim Villafuerte Santos,Dota 2,550385.15,550385.15,100
498,Xizt,Richard LandstrÃ¶m,Counter-Strike: Global Offensive,549513.99,513805.74,93.5
499,Mata,"Cho, Se Hyeong",League of Legends,549295.4500000001,549295.4500000001,100
500,bin,"Chen, Zebin",League of Legends,549291.1799999999,549291.1799999999,100
501,MenaRD,Saul Leonardo Mena Segundo,Street Fighter V,548812.57,254917.91999999998,46.449999999999996
502,GarrettG,Garrett Gordon,Rocket League,547471.69,547331.69,99.97
503,Moon,"Kam, Boon Seng",Dota 2,546264.3200000001,546264.3200000001,100
504,Rw9,Saleh Bakhashwin,Rocket League,545282.7699999999,545282.7699999999,100
505,Cure,"Kim, Doh Wook",StarCraft II,544530.4,544162.4,99.93
506,smurf,"Yoo, Myeong Hwan",Overwatch,541784.3,419636.54,77.45
507,Snip3down,Eric Wrona,Apex Legends,541601.8400000001,178389.34,32.94
508,Forev,"Lee, Sang-don",Dota 2,541537.11,541537.11,100
509,ManuBachoore,Manuel Bachoore,FIFA 23,541194.3500000001,370656.98000000004,68.49000000000001
510,stanislaw,Peter Jarguz,Counter-Strike: Global Offensive,540420.72,513520.72000000003,95.02
511,Ulsan,"Lim, Soo-hoon",Tekken 8,538341.48,342950.5,63.71
512,Bisu,"Kim, Taek Yong",StarCraft: Brood War,537913.56,307467.55,57.160000000000004
513,MC,"Jang, Min Chul",StarCraft II,537732.41,527271.7899999999,98.05
514,Kaydop,Alexandre Courant,Rocket League,536952.69,536952.69,100
515,Herdsz,Gustavo Herdina,Rainbow Six Siege,536457.5,536457.5,100
516,k0nfig,Kristian Wienecke,Counter-Strike: Global Offensive,536247.8500000001,527905.81,98.44000000000001
517,Handsken,Simon Haag,Dota 2,535999.6,515393.45,96.16
518,Rated,Rhys Price,Call of Duty: Warzone,535931.89,295755.27,55.190000000000005
519,rise.,Finlay Ferguson,Rocket League,535083.21,535083.21,100
520,Jv92,JoÃ£o Vitor,Rainbow Six Siege,534502.59,534502.59,100
521,Kheyze,Diego Zanello,Rainbow Six Siege,534249.1699999999,534249.1699999999,100
522,Deft,"Kim, Hyuk Kyu",League of Legends,533702.2699999999,533702.2699999999,100
523,tabseN,Johannes Wodarz,Counter-Strike: Global Offensive,533271.41,433472.45,81.29
524,iM,Ivan Mihai,Counter-Strike 2,533057.3400000001,407650,76.47
525,woxic,ÃzgÃ¼r Eker,Counter-Strike: Global Offensive,532224.4500000001,339374.45,63.77
526,FL1T,Evgeniy Lebedev,Counter-Strike: Global Offensive,532019.39,373461.05,70.2
527,Lu,Kirill Lukyanov,PLAYERUNKNOWNâS BATTLEGROUNDS,528456.1799999999,528456.1799999999,100
528,Aze,"Li, Tao",Arena of Valor,528374.39,528374.39,100
529,Accuracy,Lamar Abedi,Call of Duty: WWII,528328,160250,30.330000000000002
530,Punk,Victor Woodley,Street Fighter V,527996.61,206310,39.07
531,Summer,"Yu, Chuan",PLAYERUNKNOWNâS BATTLEGROUNDS,527411.9,527411.9,100
532,FelipoX,Felipe De Lucia,Rainbow Six Siege,527264.04,527264.04,100
533,Zeus,"Choi, Woo Je",League of Legends,527261.89,527261.89,100
534,JiuCheng,"Cao, Zhishun",Arena of Valor,524628.69,524628.69,100
535,Canadian,Troy Jaroslawski,Rainbow Six Siege,523861.9,523861.9,100
536,Enable,Ian Wyatt,Call of Duty: Black Ops 4,522597.12,141875,27.150000000000002
537,jstn.,Justin Morales,Rocket League,522461.97000000003,522321.97000000003,99.97
538,YEKINDAR,Mareks GaÄ¼inskis,Counter-Strike: Global Offensive,521639.57,427489.57,81.95
539,Deadzone,Zane Hearon,Halo Infinite,520400,352575,67.75
540,Elemzje,Bryan Tebessi,Rainbow Six Siege,519392.44,519392.44,100
541,Jankos,Marcin Jankowski,League of Legends,519257.63,519257.63,100
542,Scout,"Lee, Ye Chan",League of Legends,517926.83,517926.83,100
543,Falconer,Brendan Falconer,Fortnite,516750,516750,100
544,ClearLove,"Ming, Kai",League of Legends,516407.61,516407.61,100
545,ZexRow,Anthony Colandro,Fortnite,516084.73000000004,514009.73000000004,99.6
546,ShiJiu,"Chen, Runzhi",Arena of Valor,515841.57,515841.57,100
547,18,"Dai, Yueqiang",CrossFire,515649.74,515649.74,100
548,33Svan,"Zhong, Hongsen",PLAYERUNKNOWN'S BATTLEGROUNDS Mobile,514638.51,514638.51,100
549,coolboy,"Zeng, Ronghua",PLAYERUNKNOWN'S BATTLEGROUNDS Mobile,513159.42000000004,513159.42000000004,100
550,DBQ,"Zhou, Xingwei",CrossFire,513015.12,513015.12,100
551,Renshiro,Olivier Vandroux,Rainbow Six Siege,510989.39,510989.39,100
552,Commandment,Josh Roach,Fortnite,510923.99000000005,510923.99000000005,100
553,Soulkey,"Kim, Min Chul",StarCraft: Remastered,510558.67,343793.55,67.34
554,BunnyHoppor,Raphael Peltzer,Hearthstone,508531.23000000004,508531.23000000004,100
555,Perfect1ks,Dmytrii Dubenyuk,PLAYERUNKNOWNâS BATTLEGROUNDS,507794.18,507794.18,100
556,REZ,Fredrik Sterner,Counter-Strike: Global Offensive,507303.69,452511.64999999997,89.2
557,é¢å,"Liu, Jinshan",PLAYERUNKNOWN'S BATTLEGROUNDS Mobile,506991.4,506991.4,100
558,Ritual,Joseph Mauro,Fortnite,506970.83,498512.5,98.33
559,Buster,Timur Tulepov,Counter-Strike: Global Offensive,504561.82,498067.47000000003,98.71000000000001
560,Crisp,"Liu, Qingsong",League of Legends,504245.66,504245.66,100
561,BingC,"Li, Xiaolong",Arena of Valor,503448.04,503448.04,100
562,ExoTiiK,Brice Bigeard,Rocket League,503406.49000000005,503406.49000000005,100
563,Infi,"Wang, Xu Wen",WarCraft III,503347,362803.44,72.08
564,Lekr0,Jonas Olofsson,Counter-Strike: Global Offensive,503203.29000000004,491430.3,97.66
565,tom60229,"Chen, Wei-Lin",Hearthstone,502777.87,484977.87,96.46000000000001
566,SamH,Samson Hidalgo,Dota 2,500185.83,500185.83,100
567,Nate Hill,Nate Hill,Fortnite,499491.61,494266.61,98.95
568,rapha,Shane Hendrixson,Quake Champions,499346.68,348575.05,69.81
569,Fearless,"Lee, Eui Seok",Overwatch 2,499150.22000000003,340023.57,68.11999999999999
570,nexa,Nemanja IsakoviÄ,Counter-Strike: Global Offensive,497773.83999999997,411954.7,82.76
571,SquishyMuffinz,Mariano Arruda,Rocket League,497465.62,497405.62,99.99000000000001
572,Xiao Hai,"Zeng, Zhuojun",Street Fighter 6,496886.56,344005,69.23
573,Biffle,Andrew Diaz,Call of Duty: Warzone,496658.33,496658.33,100
574,Happy,Vincent Schopenhauer,Counter-Strike: Global Offensive,496543.3,485910.46,97.86
575,teeq,Maciej Radzio,Fortnite,496421.43000000005,496421.43000000005,100
576,Cented,Evan Barron,Fortnite,496009.79000000004,496009.79000000004,100
577,é¿æ°,"Cao, Wenjie",PLAYERUNKNOWN'S BATTLEGROUNDS Mobile,495644.02,495644.02,100
578,Tian,"Gao, Tianliang",League of Legends,495638.17,495638.17,100
579,9Class,Naltakyan Edgar Armenovich,Dota 2,495450.17,495450.17,100
580,SVG,Avery Silverman,Dota 2,494852.8,494852.8,100
581,jL,Justinas Lekavicius,Counter-Strike 2,494568.56,391650,79.19
582,MZiN,"Ma, Zhe",CrossFire,494444.77,494444.77,100
583,Jeemzz,Jim Gunnar Eliassen,PLAYERUNKNOWNâS BATTLEGROUNDS,492471.67,492471.67,100
584,mxey,Anssi Pekkonen,PLAYERUNKNOWNâS BATTLEGROUNDS,491755.74,491755.74,100
585,Hasaki,"Wu, Chunjian",PLAYERUNKNOWN'S BATTLEGROUNDS Mobile,490968.83,490968.83,100
586,ChengC,"Mi, Jiacheng",PLAYERUNKNOWN'S BATTLEGROUNDS Mobile,490761.78,487428.45,99.32
587,torzsi,ÃdÃ¡m TorzsÃ¡s,Counter-Strike 2,490551.22000000003,337700,68.84
588,Wesley,Wesley Gittens,Madden NFL 22,488875,175000,35.8
589,CuVee,"Lee, Seong Jin",League of Legends,488379.08,488379.08,100
590,julio,JÃºlio Giacomelli,Rainbow Six Siege,488009.02,485522.17,99.49000000000001
591,HooXi,Rasmus Nielsen,Counter-Strike: Global Offensive,487140.92000000004,397490.92000000004,81.6
592,Victoria,"Chen, Guanhong",Dota 2,486768.63999999996,486768.63999999996,100
593,Ajerss,Aidan Bernero,Fortnite,485822.51,485822.51,100
594,Happy,Dmitry Kostin,WarCraft III: Reforged,485334.87,317028.44,65.32
595,Trippy,Joe Taylor,Halo Infinite,485250,410950,84.69
596,Crown,"Lee, Min Ho",League of Legends,484213.89,484213.89,100
597,xmpL,Artem Adarkin,PLAYERUNKNOWNâS BATTLEGROUNDS,483818.1,483818.1,100
598,SoNNeikO,Akbar Butaev,Dota 2,482976.85,482976.85,100
599,PartinG,"Won, Lee Sak",StarCraft II,482268.18,474493.54,98.39
600,Aches,Patrick Price,Call of Duty: WWII,482231.76,170250,35.3
601,Atow.,Tristan Soyez,Rocket League,481841.54,481841.54,100
602,33z,"Lin, Zhichao",PLAYERUNKNOWN'S BATTLEGROUNDS Mobile,481334.19,478000.86,99.31
603,Andilex,Alexandre Christophe,Fortnite,480162.44,480162.44,100
604,Vic0try0na,Taylor-Petrik Gatschelhofer,Fortnite,478921.64999999997,478921.64999999997,100
605,Kiileerrz,Yazid Bakhashwin,Rocket League,478064.41000000003,478064.41000000003,100
606,Xxiao,"Zheng, Qi",CrossFire,476231.83999999997,476231.83999999997,100
607,Mlxg,"Liu, Shiyu",League of Legends,475990.64999999997,475990.64999999997,100
608,autimatic,Timothy Ta,Counter-Strike: Global Offensive,475963.49000000005,469443.49000000005,98.63
609,Life,"Lee, Seung Hyun",StarCraft II,475900.67,475900.67,100
610,dralii,Samy Hajji,Rocket League,475686.01,475686.01,100
611,Lucid,Tommy Wilson,Halo Infinite,475475,410950,86.43
612,ninjaboogie,Michael Ross,Dota 2,475429.22000000003,475429.22000000003,100
613,Geometrics,Emilio Leynez,Rainbow Six Siege,475400,475400,100
614,Yuragi,Artem Golubiev,Dota 2,474972.29000000004,474972.29000000004,100
615,ç®ç,"Yu, Yajun",Dota 2,474338.58,474338.58,100
616,Scrappy,Thomas Ernst,Call of Duty: Modern Warfare II,474200,251000,52.93
617,Matias,MatÃ­as Bonanno,FIFA 22,473824.97000000003,181089.93,38.220000000000006
618,YZZ,"Ye, Zhiwei",PLAYERUNKNOWN'S BATTLEGROUNDS Mobile,473517.74,473517.74,100
619,Oliveira,"Li, Peinan",StarCraft II,473207.85,473207.85,100
620,MajorManiak,Michael Szymaniak,Call of Duty: Modern Warfare,473062.49000000005,228000,48.2
621,Timado,Enzo Gianoli O'Connor,Dota 2,472874.85,472874.85,100
622,Seoul,"Cho, Gi Yeol",PLAYERUNKNOWNâS BATTLEGROUNDS,472659.13,472659.13,100
623,Scarlett,Sasha Hostyn,StarCraft II,472111.32,468378.12,99.21000000000001
624,NingZhi,"Yuan, Jun",Arena of Valor,471572.03,471572.03,100
625,Snappi,Marco Pfeiffer,Counter-Strike: Global Offensive,471550.81,390174.99000000005,82.74000000000001
626,xertioN,Dorian Berman,Counter-Strike 2,470943.99000000005,338300,71.83
627,Dukalis,Andrey Kuropatkin,Dota 2,470316.73000000004,470316.73000000004,100
628,Baby,"Song, Hongqi",CrossFire,469907.03,469907.03,100
629,Skadoodle,Tyler Latham,Counter-Strike: Global Offensive,469150.02,436879.98000000004,93.11999999999999
630,Almxnd,Benjamin Rosendahl,Call of Duty: Warzone,468970.73000000004,431584.06,92.03
631,Golden,Maikil Selim,Counter-Strike: Global Offensive,468460.98000000004,461342.48000000004,98.48
632,Extra,Alexandre Paoli,Rocket League,468280.02,468280.02,100
633,APG,Bradley Laws,Halo Infinite,467925,301075,64.34
634,Jinsoo,"Park, Jin Soo",Auto Chess,467754.94,450254.94,96.26
635,Bean,"Gao, Feng",CrossFire,466997.59,466997.59,100
636,YuYang,"Zhang, Yang",PLAYERUNKNOWN'S BATTLEGROUNDS Mobile,466394.48000000004,446394.48000000004,95.71000000000001
637,LilGhost,"Luo, Shengjun",PLAYERUNKNOWNâS BATTLEGROUNDS,466350.93000000005,466350.93000000005,100
638,Salute,"Woo, Je hyeon",PLAYERUNKNOWNâS BATTLEGROUNDS,465334.83999999997,465334.83999999997,100
639,KyoCha,"Jeong, Won Ho",Heroes of the Storm,465268.99000000005,465268.99000000005,100
640,LevonAronian,Levon Aronian,chess24,465030.43000000005,244319.3,52.54
641,SpeCial,Juan Carlos Lopez,StarCraft II,464829.08,464579.08,99.95
642,Cloakzy,Dennis Lepore,Fortnite,464666.66,438325,94.33
643,Pinq,Zachariah Siddall,Fortnite,464326.16,464326.16,100
644,Vivid,Noah Wright,Fortnite,464141.67,418716.67,90.21000000000001
645,Trippernn,Sebastian Kjaer,Fortnite,463919.36,463919.36,100
646,Ice,"Tang, Tian",Arena of Valor,463651.48000000004,463651.48000000004,100
647,sake,"Lee, Jung Hyeog",Heroes of the Storm,462790.78,462790.78,100
648,Joena,Chirasak Moonsarn,Free Fire,462465.47000000003,462465.47000000003,100
649,w0nderful,Igor Zhdanov,Counter-Strike 2,461105.03,407066.66,88.28
650,Rekkles,Martin Larsson,League of Legends,460380.52,460380.52,100
651,Bwipo,GabriÃ«l Rau,League of Legends,458878.32,458878.32,100
652,Rich,"Lee, Jae Won",Heroes of the Storm,458795.42000000004,427923.28,93.27
653,Fatal1ty,Johnathan Wendel,Painkiller,458739.23000000004,240550,52.44
654,Atif Butt,Atif Ijaz Butt,Tekken 7,455924.7,243729.7,53.46
655,Nikobaby,Nikolay Nikolov,Dota 2,455262.28,455262.28,100
656,Sib,Daunte Gray,Call of Duty: Modern Warfare III,454450,200000,44.01
657,SuJiu,"Yu, Lin",PLAYERUNKNOWNâS BATTLEGROUNDS,453922.59,453922.59,100
658,Psycho,Gustavo Rigal,Rainbow Six Siege,453921.91000000003,453921.91000000003,100
659,Hungrybox,Juan Debiedma,Super Smash Bros. Melee,453715,447715.91000000003,98.67999999999999
660,Polt,"Choi, Sung Hoon",StarCraft II,451943.24,451943.24,100
661,LikEfac,ThÃ©o Mariano,Rainbow Six Siege,451708.08,451708.08,100
662,HusKerrs,Jordan Thomas,Call of Duty: Warzone,451558.81,357671.47000000003,79.21000000000001
663,lachesisQ,Ian Nepomniachtchi,chess24,451539.03,226746.52,50.220000000000006
664,é¡¾å±å±,"Zeng, Jinxiang",PLAYERUNKNOWN'S BATTLEGROUNDS Mobile,447958.76,447958.76,100
665,AdreN,Dauren Kystaubayev,Counter-Strike: Global Offensive,446899.3,427455.64999999997,95.64999999999999
666,Reiji,"Maeda, Reiji",PLAYERUNKNOWN'S BATTLEGROUNDS Mobile,446188.09,446188.09,100
667,Classic,Nicholas Di Costanzo,Call of Duty: Infinite Warfare,445574,98000,21.99
668,JaCkz,Audric Jug,Counter-Strike: Global Offensive,445084.29000000004,420822.62,94.55
669,zen,Alexis Bernier,Rocket League,445051.53,445051.53,100
670,Fielder,"Kwon, Joon",Overwatch 2,444459.33999999997,348030.86,78.3
671,unlucky,Andre TÃ¼rk,Apex Legends,443847.78,443847.78,100
672,nesk,AndrÃ© Oliveira,Rainbow Six Siege,443806.32,443806.32,100
673,Funn1k,Glib Lipatnikov,Dota 2,443534.74,443341.02,99.96000000000001
674,YYF,"Jiang, Cen",Dota 2,443462.66,417405.13999999996,94.11999999999999
675,Sypical,Caden Pellegrin,Rocket League,442646.72000000003,442646.72000000003,100
676,JiuLong,"Kang, Junlong",Arena of Valor,442411.1,442411.1,100
677,jafonsogv,JoÃ£o Vasconcelos,EA Sports FC 24,442063.43000000005,387982.88,87.77
678,spyrro,Yaroslav Kuvichko,PLAYERUNKNOWNâS BATTLEGROUNDS,441617.18,441617.18,100
679,Turbopolsa,Pierre Silfver,Rocket League,441410.05,441270.05,99.97
680,PawN,"Heo, Won Seok",League of Legends,440960.12,440960.12,100
681,Sweetdreams,Chris Sexton,Apex Legends,440949.78,406474.78,92.17999999999999
682,CeRq,Cvetelin Nikolov,Counter-Strike: Global Offensive,440304.43000000005,412263.38,93.63
683,HuShen,"Chen, Zhanpeng",Arena of Valor,439002.95,439002.95,100
684,Beaulo,Jason Doty,Rainbow Six Siege,438285,438285,100
685,Knee,"Bae, Jae-min",Tekken 7,438204.33,371725.26,84.83
686,allu,Aleksi Jalli,Counter-Strike: Global Offensive,437977.97000000003,430687.87,98.34
687,Fleta,"Kim, Byung Seon",Overwatch,437819.27,418944.27,95.69
688,Brehze,Vincent Cayonte,Counter-Strike: Global Offensive,437362.77,430734.67,98.48
689,yuurih,Yuri Santos,Counter-Strike: Global Offensive,437250.42000000004,335449.66,76.72
690,Wunder,Martin Hansen,League of Legends,437155.62,437155.62,100
691,G,Sergey Bragin,Dota 2,437118.31,431613.94,98.74000000000001
692,Kiin,"Kim, Gi In",League of Legends,434548.95,434548.95,100
693,DaoShi,"Song, Jiantao",PLAYERUNKNOWN'S BATTLEGROUNDS Mobile,434330.24,428330.24,98.61999999999999
694,kscerato,Kaike Cerato,Counter-Strike: Global Offensive,433563.18,331762.42000000004,76.52
695,fnx,Lincoln Lau,Counter-Strike: Global Offensive,433315.18,394779.8,91.11
696,friberg,Adam Friberg,Counter-Strike: Global Offensive,432819.53,430065.49000000005,99.36
697,Z9,"Chen, Zixuan",PLAYERUNKNOWN'S BATTLEGROUNDS Mobile,432288.22000000003,432288.22000000003,100
698,Joshua Rogers,Joshua K Rogers,Rennsport,432139.99000000005,247347.91999999998,57.24
699,TJHaly,Thomas Haly,Call of Duty: WWII,431496.92000000004,118875,27.55
700,fuzzface,David Tillberg,PLAYERUNKNOWNâS BATTLEGROUNDS,431329.25,430429.25,99.79
701,Eyyou,Nico Barcelon,Dota 2,430272.94,430272.94,100
702,FlowerC,"You, Guochuan",PLAYERUNKNOWN'S BATTLEGROUNDS Mobile,429808.99000000005,429808.99000000005,100
703,Mikyx,Mihael Mehle,League of Legends,428687.23000000004,428687.23000000004,100
704,NeverEnd,"Yang, Pu",Dota 2,426681.98000000004,426681.98000000004,100
705,pino,Gabriel Fernandes,Rainbow Six Siege,426231.47000000003,425440.66,99.81
706,boltz,Ricardo Prass,Counter-Strike: Global Offensive,425991.5,425658.17,99.92
707,GodV,"Wei, Zhen",PLAYERUNKNOWNâS BATTLEGROUNDS,425902.46,371608.71,87.25
708,rue,Alexander Filin,Dota 2,425842.8,425842.8,100
709,Duelo,"Nishikawa, Yuya",PLAYERUNKNOWN'S BATTLEGROUNDS Mobile,423959.19,423959.19,100
710,Tensai,- -,Brawl Stars,423833.33999999997,423833.33999999997,100
711,super,Matthew DeLisi,Overwatch,423599.69,417900.4,98.64999999999999
712,cajunb,RenÃ¨ Borg,Counter-Strike: Global Offensive,423344.8,418826.54,98.93
713,nade,Felipe SÃ¡ Ferreira,Rainbow Six Siege,423144.93000000005,423144.93000000005,100
714,Kanavi,"Seo, Jin Hyeok",League of Legends,422850.76,422850.76,100
715,sOAZ,Paul Boyer,League of Legends,422314.88,422314.88,100
716,YMao,"Ma, Yuxin",PLAYERUNKNOWN'S BATTLEGROUNDS Mobile,422173.83999999997,422173.83999999997,100
717,Paluh,Luccas Molina,Rainbow Six Siege,421508.26,421508.26,100
718,bodyy,Alexandre Pianaro,Counter-Strike: Global Offensive,420983.82,346207.62,82.24000000000001
719,æ ¼å­,"Zhang, Jianhui",PLAYERUNKNOWN'S BATTLEGROUNDS Mobile,420853.9,420853.9,100
720,Effect,Miron Novikov,Apex Legends,420250,420250,100
721,TheViper,Ãrjan Larsen,Age of Empires II,420149.05,378714.05,90.14
722,Fairy Peak!,Victor Locquet,Rocket League,420065.93000000005,420065.93000000005,100
723,Mvp,"Jung, Jong Hyun",StarCraft II,419621.14999999997,414994.83,98.9
724,Muzi,Murilo Muzi,Rainbow Six Siege,418875.3,418875.3,100
725,Dez,Peyton Tuma,Madden NFL 23,418500,352500,84.23
726,Moth,Grant Espe,Overwatch,418250.63,418250.63,100
727,Aitzy,Ludvik Greger Jahnsen,PLAYERUNKNOWNâS BATTLEGROUNDS,417991.72000000003,417991.72000000003,100
728,Kinstaar,Duong Huynh,Fortnite,417441.68,410678.4,98.38
729,MMA,"Moon, Sung Won",StarCraft II,417169.17,417169.17,100
730,ChoiHyoBin,"Choi, Hyo Bin",Overwatch,417109.58,417109.58,100
731,KITSUNE,Sergey Pomerantsev,PLAYERUNKNOWN'S BATTLEGROUNDS Mobile,417080.96,417080.96,100
732,Firouzja2003,Alireza Firouzja,Chess.com,416468.09,275153.79000000004,66.07
733,felps,JoÃ£o Vasconcellos,Counter-Strike: Global Offensive,415574.55,365855.43000000005,88.04
734,ShoWTimE,Tobias Sieber,StarCraft II,415564.08,415564.08,100
735,oskar,TomÃ¡Å¡ Å Å¥astnÃ½,Counter-Strike: Global Offensive,415340.87,394734.63,95.04
736,Radosin,Andrea RadovanoviÄ,Rocket League,414657.58,414657.58,100
737,Megga,Noam Ackenine,Fortnite,413738.32,413738.32,100
738,Virtue,Jake Grannan,Rainbow Six Siege,411820.9,411820.9,100
739,Matthew,Farith Puente,Dota 2,411682.26,411682.26,100
740,MER1T,"Choi, Tae Min",Overwatch 2,410873.38,375451.39,91.38
741,Trap,"Cho, Sung Ho",StarCraft II,409745.58,408661.23000000004,99.74000000000001
742,negima,- -,Shadowverse,409517.18,409517.18,100
743,fame,Pyotr Bolyshev,Counter-Strike: Global Offensive,409313.44,251455.1,61.43
744,Riversan,River Handley,Fortnite,409266.67,409266.67,100
745,Amanek,Francois Delaunay,Counter-Strike: Global Offensive,408619.73000000004,398260.79000000004,97.46000000000001
746,Neat,Ander Tobal,FIFA 21,408545.17,230741.65,56.48
747,Hylissang,Zdravets Galabov,League of Legends,408311.13999999996,408311.13999999996,100
748,Kantoraketti,Juhani Toivonen,Rainbow Six Siege,407396.56,407396.56,100
749,siuhy,Kamil Szkaradek,Counter-Strike 2,407036.55,258450,63.5
750,Bryle,Jonathan Bryle Santos De Guia,Dota 2,407027.64999999997,407027.64999999997,100
751,Fultz,Alec Fultz,Rainbow Six Siege,406800,406800,100
752,ShepparD,Artur Ipatov,Rainbow Six Siege,406232.47000000003,406232.47000000003,100
753,JoyStiCK,Danil Gabov,Rainbow Six Siege,406061.04,405661.04,99.9
754,Yuese,"Liu, Tao",Arena of Valor,405771.78,405771.78,100
755,NuckleDu,Du Cong Dang,Street Fighter V,405246.72000000003,297891.71,73.51
756,SwizzY,Egor Luciko,Fortnite,404842.5,404842.5,100
757,Jimpphat,Jimi Salo,Counter-Strike 2,404232.74,333700,82.55
758,HugeGorilla,Spencer Ealing,FIFA 17,404021.96,250000,61.879999999999995
759,kiyotaka,Gleb Zyryanov,Dota 2,403999.36,403999.36,100
760,BeryL,"Cho, Geon Hee",League of Legends,403857.83,403857.83,100
761,Valde,Valdemar VangsÃ¥,Counter-Strike: Global Offensive,403732.6,392356.37,97.17999999999999
762,glory,"Sato, Kenta",Hearthstone,403446,403446,100
763,FabianoCaruana,Fabiano Caruana,Chess.com,403349.56,237920.94999999998,58.99
764,Pixie,- -,Fortnite,403104.29000000004,403104.29000000004,100
765,KongJue,"Li, Guipeng",Arena of Valor,402199.13,402199.13,100
766,Title,- -,Teamfight Tactics,402162,402162,100
767,Arslan Ash,Arslan Siddique,Tekken 7,402131.9,355771.7,88.47
768,TH000,"Huang, Xiang",WarCraft III,401927.69,362145.76,90.1
769,Viper,"Park, Do Hyeon",League of Legends,401382.13,401382.13,100
770,Newbz,Edy Juan,Call of Duty: Warzone,401185.51,364118.83999999997,90.76
771,Slacked,Josiah Berry,Call of Duty: Infinite Warfare,401114.4,98000,24.43
772,doinb,"Kim, Tae Sang",League of Legends,400844.18,400844.18,100
773,ShowMaker,"Heo, Su",League of Legends,400600.01,400600.01,100
774,Khan,"Kim, Dong Ha",League of Legends,400503.04,400503.04,100
775,MackWood,Mack Aesoph,Fortnite,400423.33,400423.33,100
776,TwoWayRoco,Tyler DeBondt,NBA 2K21,400000,200000,50
777,Pistola,Justin Deese,Halo 5: Guardians,399835,164000,41.02
778,Zer0,Trei Morris,Call of Duty: Modern Warfare,399383.73000000004,98000,24.54
779,Vanyak3kktis,Vanya Sakach,Fortnite,397910.82,397910.82,100
780,ProblemWright,Eric Wright,Madden NFL 13,397700,140000,35.2
781,Japko,Aleksy JabÅoÅski,Fortnite,397662.5,397662.5,100
782,EmreYilmaz,Emre Yilmaz,EA Sports FC 24,397149.98000000004,170899.97999999998,43.03
783,Jabbi,Jakob Nygaard,Counter-Strike: Global Offensive,396967.08,286192.08,72.09
784,Kiryache,Kirill Grishin,Fortnite,396243.8,396243.8,100
785,caard,Gabriel Vieira Cardoso,Rocket League,395754.18,395754.18,100
786,343,Adam Erwann Shah bin Akhtar Hussein,Dota 2,392825.7,392825.7,100
787,arT,Andrei Piovezan,Counter-Strike: Global Offensive,392358.16,337873.69,86.11
788,Lelis,Rodrigo Lelis Santos,Dota 2,391360.94,391360.94,100
789,Zven,Jesper Svenningsen,League of Legends,391307.39,391307.39,100
790,Dukez,Lucas Cardenas,Fortnite,391053.46,391053.46,100
791,carrilho,Lucas Miguel,PLAYERUNKNOWN'S BATTLEGROUNDS Mobile,391043.13,391043.13,100
792,Flandre,"Li, Xuanjun",League of Legends,390831.95,390831.95,100
793,Xepher,Kenny Deo,Dota 2,390723.24,390723.24,100
794,æ´¾å¤§å´,"Han, Xing",PLAYERUNKNOWN'S BATTLEGROUNDS Mobile,390575.88,390575.88,100
795,Frederik Rasmussen,Frederik Rasmussen,F1 2020,389709.78,93750,24.06
796,Flickzy,- -,Fortnite,389644.43000000005,389644.43000000005,100
797,Merc,Bryan Wrzek,Rainbow Six Siege,389616.67,389616.67,100
798,Xinhe,"Li, He",PLAYERUNKNOWN'S BATTLEGROUNDS Mobile,389490.59,389490.59,100
799,Sebastian Job,Sebastian Job,iRacing.com,389454.92000000004,199918.14,51.33
800,Bamboo,"Luo, Tao",PLAYERUNKNOWN'S BATTLEGROUNDS Mobile,389435.3,389435.3,100
801,Illidan,Ilya Pevcaev,Dota 2,388809.49000000005,386106.42000000004,99.3
802,Shu,"Kim, Jin Seo",Overwatch 2,388196.41000000003,335462.14999999997,86.42
803,Kamikaze,JoÃ£o Gomes,Rainbow Six Siege,388164.31,388164.31,100
804,xwudd,"Wu, Bo",PLAYERUNKNOWNâS BATTLEGROUNDS,388060.88,388060.88,100
805,Hera,Hamzah El-Baher,Age of Empires II,388013.01,376769.68,97.1
806,ZooMaa,Tom Paparratto,Call of Duty: WWII,387519.6,94500,24.39
807,Stork,"Song, Byung Goo",StarCraft: Brood War,387248.21,257763.22,66.56
808,Mo_aubameyang,Mohammed Harkous,FIFA 19,387072.72000000003,288553.3,74.55
809,Cyber,Jaime Ramos,Rainbow Six Siege,387051.91000000003,387051.91000000003,100
810,Achieved,Matthew Solomon,Rainbow Six Siege,387000,387000,100
811,DaoZai,"Yang, Kaibo",Arena of Valor,386424.85,386424.85,100
812,ChenXia,"Wang, Qing",Arena of Valor,385775.17,385775.17,100
813,Erika,"Yang, Shaohan",Dota 2,385683.53,385683.53,100
814,Jensen,Nicolaj Jensen,League of Legends,385416.68,385416.68,100
815,sdy,Victor Orudzhev,Counter-Strike: Global Offensive,385003.57,298155.25,77.44000000000001
816,QingChen,"Zhang, Youquan",PLAYERUNKNOWN'S BATTLEGROUNDS Mobile,384459.5,384459.5,100
817,STYKO,Martin Styk,Counter-Strike: Global Offensive,384269.67,371202.41000000003,96.6
818,DkPhobos,Alexander Kucheria,Dota 2,383575.32,381917.05,99.57
819,ON,"Luo, Wenjun",League of Legends,383392.09,383392.09,100
820,March,"Park, Tae Won",Dota 2,383210.97000000003,383210.97000000003,100
821,AnishGiri,Anish Giri,chess24,382889.14999999997,262428.61,68.54
822,ApparentlyJack,Jack Benton,Rocket League,382009.49000000005,382009.49000000005,100
823,Elk,"Zhao, Jiahao",League of Legends,381211.13,381211.13,100
824,TheCruz,Piyapon Boonchuay,Free Fire,381210.28,381210.28,100
825,mini,"Byun, Hyun Je",StarCraft: Remastered,381200.64999999997,368744.9,96.73
826,Doran,"Choi, Hyeon Joon",League of Legends,380839,380839,100
827,Pakazs,Christian Savina,Dota 2,380705.2,380705.2,100
828,Msir,"Jiang, Boyuan",Arena of Valor,380600.97000000003,380600.97000000003,100
829,MAJ3R,Engin KÃ¼peli,Counter-Strike 2,380564.44,186775,49.08
830,Yagao,"Zeng, Qi",League of Legends,380467.01,380467.01,100
831,illias,Illias Ganeev,Dota 2,380074.42000000004,380074.42000000004,100
832,Chuchen,"Tao, Chuankai",Arena of Valor,379640.68,379640.68,100
833,Rain,"Jung, Yoon Jong",StarCraft II,379135.64999999997,236690.51,62.43
834,KIOSHIMA,Fabien Fiey,Counter-Strike: Global Offensive,379045.59,378804.11,99.94000000000001
835,SuKi,"Wan, Quanjun",PLAYERUNKNOWN'S BATTLEGROUNDS Mobile,378659.55,378659.55,100
836,Op,"Ou, Peng",Dota 2,378326.22000000003,378326.22000000003,100
837,ZerO,"Kim, Myung Woon",StarCraft: Remastered,377898.04,283129.79000000004,74.92
838,seized,Denis Kostin,Counter-Strike: Global Offensive,377628.99000000005,351407.57,93.06
839,Itachi,Amine Benayachi,Rocket League,377586.58,377586.58,100
840,Cty,"Chen, Tianyu",Dota 2,377526.26,377526.26,100
841,Nerchio,Artur Bloch,StarCraft II,376554.08,375054.08,99.6
842,KarlTzy,Karl Nepomuceno,Mobile Legends: Bang Bang,376284.67,376284.67,100
843,Bosco,Dylan Bosco,Rainbow Six Siege,376083.33,376083.33,100
844,sAviOr,"Ma, Jae Yoon",StarCraft: Brood War,376082.44,339963.24,90.4
845,577,"Chen, Jinwei",CrossFire,376062.39,376062.39,100
846,Alem4o,Karl Zarth,Rainbow Six Siege,375684.3,375684.3,100
847,PVDDR,Paulo Damo da Rosa,Magic: The Gathering Arena,375500,375500,100
848,Levi de Weerd,Levi de Weerd,FIFA 23,375382.94,118173.26,31.479999999999997
849,MarineLorD,Alexis Eusebio,Age of Empires IV,375167.67,270643.16,72.14
850,HeRoMaRinE,Gabriel Segat,StarCraft II,375134.7,373884.7,99.66999999999999
851,Mir,Nikolay Bityukov,Counter-Strike: Global Offensive,375089.3,271105.96,72.28
852,Snute,Jens Aasgaard,StarCraft II,375038.71,375038.71,100
853,PraY,"Kim, Jong In",League of Legends,374943.56,374943.56,100
854,blameF,Benjamin Bremer,Counter-Strike: Global Offensive,374817.63999999996,312236.08,83.3
855,Profit,"Park, Joon Yeong",Overwatch,374144.66,341761.33,91.34
856,Pengu,Niclas Mouritzen,Rainbow Six Siege,374107.39,373157.39,99.75
857,dennis,Dennis Edman,Counter-Strike: Global Offensive,373282.24,366702.68,98.24000000000001
858,matic,Vitalii Shulga,PLAYERUNKNOWN'S BATTLEGROUNDS Mobile,372639.71,372639.71,100
859,Li,"Xiao, Qigui",Naraka: Bladepoint,372315.37,372315.37,100
860,Reet,Nathan Amundson,Fortnite,371680.78,371680.78,100
861,Aixleft,"Zuo, Zixuan",PLAYERUNKNOWNâS BATTLEGROUNDS,371037.68,371037.68,100
862,Ace,Aaron Elam,Halo 4,371037.5,202625,54.61
863,Izayaki,"Kim, Min Chul",Overwatch,370914.62,307796.77,82.98
864,posesi,"Ishibashi, Wataru",Hearthstone,370815,370815,100
865,ChiYo,"Han, Hyeon-Seok",Overwatch 2,370727.57,347480.86,93.73
866,LeeJaeGon,"Lee, Jae Gon",Overwatch,370390.41000000003,306842.56,82.84
867,alwayswannafly,Andrii Bondarenko,Dota 2,370041.45,369554.01,99.86999999999999
868,Paulo Neto,Paulo Neto,FIFA 23,369560.06,169000,45.730000000000004
869,Panda,Jose Leonardo Padilla Hernandez,Dota 2,366855.46,366855.46,100
870,Letme,"Yan, Junze",League of Legends,366745.59,366745.59,100
871,Stoned,Purin Rongkhankaew,PLAYERUNKNOWN'S BATTLEGROUNDS Mobile,366303.1,366303.1,100
872,qojqva,Maximilian Broecker,Dota 2,365940.08,365940.08,100
873,Reverse2k,Malachi Greiner,Fortnite,365831.92000000004,365331.92000000004,99.86
874,Fifakill,Ethan Pink,Call of Duty: Warzone,364739.09,359489.09,98.56
875,Rampy,Nathanial Duvall,Rainbow Six Siege,364593.33,364593.33,100
876,ArtStyle,Ivan Antonov,Dota 2,364570.71,360537.73000000004,98.89
877,CH0R0NG,"Sung, Yu Min",Overwatch 2,364160.23000000004,348372.86,95.66
878,MentaL,Billy Putnam,Gears of War 4,364051.67,226630,62.25
879,Grubby,Manuel Schenkhuizen,WarCraft III,363571.93000000005,303059.04,83.36
880,AYYJAYY,Austin Aebi,Rocket League,363275.95,363215.95,99.98
881,HuaYun,"Zhang, Kaifeng",Arena of Valor,361940.72000000003,361940.72000000003,100
882,Mack,Makenzie Kelley,Call of Duty: Vanguard,361500,137500,38.04
883,Reset,"Im, Jin Woo",Heroes of the Storm,360243.52,360243.52,100
884,Chap,Ryan Chaplo,Fortnite,360066.67,350816.67,97.43
885,DongRaeGu,"Park, Soo Ho",StarCraft II,359737.09,359737.09,100
886,n0rb3r7,David Danielyan,Counter-Strike: Global Offensive,359446.9,224922.73,62.57
887,Poach,Jake Brumleve,Fortnite,358933.33,327525,91.25
888,Roth,Dylan Short,PLAYERUNKNOWNâS BATTLEGROUNDS,357834.53,357834.53,100
889,Huni,"Heo, Seung Hoon",League of Legends,357699.25,357699.25,100
890,Bound,Adam Gray,Halo Infinite,357400,356650,99.79
891,Oheb,Kiel Calvin Soriano,Mobile Legends: Bang Bang,357030.31,357030.31,100
892,Moshi,Ratchanon Kunrayason,Free Fire,356886.73000000004,356886.73000000004,100
893,Light,"Lee, Jae Ho",StarCraft: Remastered,356809.06,313071.29000000004,87.74000000000001
894,SchwepXz,Supachai Singkaew,PLAYERUNKNOWN'S BATTLEGROUNDS Mobile,356335.44,356335.44,100
895,syrsoN,Florian Rische,Counter-Strike: Global Offensive,356304.37,318904.37,89.5
896,Void,"Kang, Jun Woo",Overwatch,356076.68,343101.68,96.36
897,Tixzy,Daniil Gordeev,PLAYERUNKNOWN'S BATTLEGROUNDS Mobile,355363.46,355363.46,100
898,SuNan,"Su, Xuezhuang",PLAYERUNKNOWN'S BATTLEGROUNDS Mobile,354397.19,348397.19,98.31
899,Ttsst,"Kang, Woon Sung",Heroes of the Storm,354363.98000000004,354363.98000000004,100
900,Lon9z,"Xiao, Haitao",PLAYERUNKNOWN'S BATTLEGROUNDS Mobile,354079.64999999997,354079.64999999997,100
901,Dd,"Huang, Youci",PLAYERUNKNOWN'S BATTLEGROUNDS Mobile,354044.87,354044.87,100
902,Ibiza,Jord van Geldere,PLAYERUNKNOWNâS BATTLEGROUNDS,353969.63,353969.63,100
903,Angry Bird,Amjad Alshalabi,Street Fighter 6,353835.71,314431,88.86
904,OnlyS,"Liu, Yang",PLAYERUNKNOWN'S BATTLEGROUNDS Mobile,353670.33999999997,353670.33999999997,100
905,Joyo,Joe Young,Rocket League,353409.72000000003,353409.72000000003,100
906,Bono Huis,Bono Huis,rFactor 2,353101.06,259917.97999999998,73.61
907,Sp9rk1e,"Kim, Young Han",Overwatch 2,353088.93000000005,230320.14,65.23
908,Devine,"Sekigawa, Kouki",PLAYERUNKNOWN'S BATTLEGROUNDS Mobile,353085.3,353085.3,100
909,Cizzorz,Jack Cizek,Fortnite,353016.67,345750,97.94000000000001
910,BaRRaCCuDDa,John Salter,SMITE,353006.64999999997,353006.64999999997,100
911,Haru,"Kang, Min Seung",League of Legends,352776.52,352776.52,100
912,Edison,"Kim, Tae Hoon",Overwatch 2,352402.69,225625,64.02
913,SwordArt,"Hu, Shuo-Chieh",League of Legends,352298.16,352298.16,100
914,Hunterace,Casper Notto,Hearthstone,352116.26,352116.26,100
915,éªçµ,"Yao, Chenyi",PLAYERUNKNOWN'S BATTLEGROUNDS Mobile,351878.17,351878.17,100
916,XqLuN,"Xiao, Qilun",CrossFire,351641.24,351641.24,100
917,k1to,Nils Gruhne,Counter-Strike: Global Offensive,351469.9,328686.57,93.52
918,MSL,Mathias Lauridsen,Counter-Strike: Global Offensive,351357.63999999996,350499.2,99.76
919,Refsgaard,Oscar Dalgas Refsgaard,Fortnite,351318.16,351318.16,100
920,mequ,Alexey Tolov,PLAYERUNKNOWN'S BATTLEGROUNDS Mobile,350563.46,350563.46,100
921,Mix6GG,"Wang, Biao",PLAYERUNKNOWN'S BATTLEGROUNDS Mobile,350465.89,350465.89,100
922,Karl,Karl Baldovino,Dota 2,349796.67,349796.67,100
923,Surrender,"Kim, Jung Soo",Hearthstone,349001.57,327131.57,93.73
924,Fly100%,"Lu, Weiliang",WarCraft III,348697.8,255967.8,73.41000000000001
925,Pavel,Pavel Beltiukov,Hearthstone,348648,348648,100
926,dycha,PaweÅ Dycha,Counter-Strike: Global Offensive,348562.94,315029.61,90.38
927,sitetampo,"-, -",Brawl Stars,348500.02,348500.02,100
928,Fbz,Saieful Ilham,Dota 2,348063.38,348063.38,100
929,hen1,Henrique Teles,Counter-Strike: Global Offensive,347933.86,303745.29000000004,87.3
930,Doki,Jack Robertson,Rainbow Six Siege,347590.22000000003,347590.22000000003,100
931,shou,"Wang, Kang",PLAYERUNKNOWNâS BATTLEGROUNDS,346860.96,346860.96,100
932,SiLLY,Justin Fargo-Palmer,Call of Duty: WWII,346638.85,184648.43,53.27
933,Looper,"Jang, Hyeong Seok",League of Legends,346636.78,346636.78,100
934,Revo,Roan AlÃ©ssio,PLAYERUNKNOWN'S BATTLEGROUNDS Mobile,346603.13,346603.13,100
935,Maden,Pavle BoÅ¡koviÄ,Counter-Strike: Global Offensive,346515.56,274315.56,79.16
936,Qz,"Zhang, Qingbo",PLAYERUNKNOWN'S BATTLEGROUNDS Mobile,346455.25,346455.25,100
937,Elazer,MikoÅaj Ogonowski,StarCraft II,346184.64999999997,338016.14999999997,97.64
938,ANS,"Lee, Seon Chang",Overwatch,345667.8,272364.23000000004,78.79
939,Chris Wong,"Wong, Yuk Cheung",Street Fighter 6,345537.33,344419.2,99.67999999999999
940,GuMiho,"Koh, Byung Jae",StarCraft II,345511.1,344463.27,99.7
941,Hans sama,Steven Liv,League of Legends,345245.54,345245.54,100
942,Drini,Drini Gjoka,Madden NFL 20,345000,85000,24.64
943,Mellman,Konstantin Levkin,PLAYERUNKNOWNâS BATTLEGROUNDS,344693.1,344693.1,100
944,GetHigh,Rachata Saethian,Free Fire,344649.83999999997,344649.83999999997,100
945,TeePee,Tyler Polchow,Call of Duty: Ghosts,344453.71,124686.76,36.2
946,Xbei,"Tu, ZhanYa",PLAYERUNKNOWNâS BATTLEGROUNDS,344079.3,344079.3,100
947,VINI,Vinicius Figueiredo,Counter-Strike: Global Offensive,343757.81,275338.69,80.1
948,caiotg1,Caio Testi da Silva,Rocket League,342988.55,342988.55,100
949,soulz1,Lucas Schinke,Rainbow Six Siege,342840.98000000004,342840.98000000004,100
950,ScreaM,Adil Benrlitom,Counter-Strike: Global Offensive,342674.11,249663.46,72.86
951,alyaGG,Aleksandr Pirogov,PLAYERUNKNOWNâS BATTLEGROUNDS,342518.1,342518.1,100
952,Shinboi,Nolan Burdick,PLAYERUNKNOWNâS BATTLEGROUNDS,342382.75,342382.75,100
953,Tarzan,"Lee, Seung Yong",League of Legends,342018.94,342018.94,100
954,Zand,- -,Fortnite,341325,341325,100
955,hiimtylerh,Tyler -,Fortnite,341250,341250,100
957,Fabian,Fabian HÃ¤llstenâ,Rainbow Six Siege,340115.99000000005,340115.99000000005,100
958,LyonBeast,Maxime Vachier-Lagrave,Chess.com,340009.75,218931.14,64.39
959,Jonbeast,Jonathan Marquez,Madden NFL 22,340000,142500,41.91
960,mason,Mason Venne,Dota 2,339235.49000000005,337235.49000000005,99.41000000000001
961,Mafioso,Daniel Henrique vaz,PLAYERUNKNOWN'S BATTLEGROUNDS Mobile,339173.13,339173.13,100
962,Dog,David Caero,Hearthstone,339090.89,235488.38999999998,69.45
963,Archie,Archie Pickthall,Rocket League,338725.63,338725.63,100
964,Sekys,Muhammad Haqqullah Bin Ahmad Shahrul Zaman,Mobile Legends: Bang Bang,338516.67,338516.67,100
965,SaRa,"Suzuki, Kento",PLAYERUNKNOWN'S BATTLEGROUNDS Mobile,338440.79000000004,338440.79000000004,100
966,Ahmad,Ahmad Abdullah,Rocket League,338108.06,338108.06,100
967,aizy,Philip Aistrup Larsen,Counter-Strike: Global Offensive,337991.67,335393.8,99.23
968,iDom,Derek Ruffin,Street Fighter V: Arcade Edition,337762.37,258444.8,76.52
969,NaDa,"Lee, Yoon Yeol",StarCraft: Brood War,337401.66,302505.83999999997,89.66
970,Frozen,"Zhou, Yuchao",PLAYERUNKNOWN'S BATTLEGROUNDS Mobile,336810.52,336810.52,100
971,bloodyface,Brian Eason,Hearthstone,336578,333778,99.16999999999999
972,Doublelift,Peter Peng,League of Legends,336475.81,336475.81,100
973,tiziaN,Tizian Feldbusch,Counter-Strike: Global Offensive,336389.74,334872.74,99.55
974,Arsenal,Tshaka Lateef Taylor Jr,Rocket League,336273.13,336273.13,100
975,Dosia,Mikhail Stolyarov,Counter-Strike: Global Offensive,335807.7,310360.22000000003,92.42
976,Dan,Danila Dontsov,Rainbow Six Siege,335465.32,335465.32,100
977,ZuiChu,"Long, Zhubiao",Arena of Valor,335372.09,335372.09,100
978,xxxLu,"Wei, Daying",PLAYERUNKNOWNâS BATTLEGROUNDS,335194.39,335194.39,100
979,comm,Robert Kyser,Rocket League,335120.63,335120.63,100
980,Pajkatt,Per Anders Olsson-Lille,Dota 2,334875.27,333967.61,99.73
981,Gesture,"Hong, Jae Hee",Overwatch,334811.33,334261.33,99.84
982,General,"Shu, Zhiqi",PLAYERUNKNOWN'S BATTLEGROUNDS Mobile,334699.91000000003,334699.91000000003,100
983,Lwx,"Lin, Weixiang",League of Legends,334653.16,334653.16,100
984,YiQu,"Zhou, Feng",Arena of Valor,334431.35,334431.35,100
985,sparkingg,Pedro Ribeiro,PLAYERUNKNOWNâS BATTLEGROUNDS,334427.5,334427.5,100
986,Bell,"Wang, Wenqiang",Arena of Valor,333949.5,333949.5,100
987,Ming,"Chi, Xiaoming",Arena of Valor,333220.11,333220.11,100
988,Leenock,"Lee, Dong Nyoung",StarCraft II,333082.56,291422.56,87.49000000000001
989,eomzo,- -,Fortnite,333038.33999999997,333038.33999999997,100
990,acoR,Frederik Gyldstrand,Counter-Strike: Global Offensive,332941.37,312184.72000000003,93.77
991,bLitz,Garidmagnai Byambasuren,Counter-Strike 2,332749.9,292116.67,87.79
992,Andrea Mengucci,Andrea Mengucci,Magic: The Gathering Arena,332300,332300,100
993,Xplosive,Gilbert Rojo,Gears of War 4,332275,226630,68.21000000000001
994,72hrs,Thomas Mulligan,Fortnite,332233.33,311908.33,93.88
995,Noahreyli,Noah Rey,Fortnite,332087.57,332087.57,100
996,suNny,Miikka Kemppi,Counter-Strike: Global Offensive,331580.05,331580.05,100
997,Tschiiinken,Thomas HÃ¶rak,Fortnite,331376.94,331376.94,100
998,XiaoA,"Yang, Rongxin",Arena of Valor,331301.61,331301.61,100
999,Morten,Morten Mehmert,Clash Royale,331050,331050,100
1000,Poonage,Brent Mullany,PLAYERUNKNOWNâS BATTLEGROUNDS,330927.25,330927.25,100
